"","A","M_bin","Ycen_int","Y_cont_int","Y_bin_int","Y_count_int","cen","C","delta"
"1",0,0,0.0511641148164681,-1.54241184863961,0,5,0.0511641148164681,-0.446287455030639,1
"2",0,1,0.0511641148164681,-1.87388797538488,0,2,0.0511641148164681,1.31585576177329,1
"3",0,1,0.0264460859158937,-3.0363303238336,0,3,0.0511641148164681,0.657252486084335,0
"4",0,0,0.00705429194809278,-3.38848194114894,0,3,0.0511641148164681,-0.931353099435726,0
"5",0,1,0.0511641148164681,-2.57655715031873,0,2,0.0511641148164681,1.2428210042642,1
"6",0,0,0.0511641148164681,-2.60874910445787,0,3,0.0511641148164681,0.637232051171049,1
"7",1,1,0.010287084186345,-2.47801156377226,0,2,0.0511641148164681,3.43272890031743,0
"8",0,0,0.0511641148164681,-0.61071174926707,0,2,0.0511641148164681,1.59209119077248,1
"9",0,0,0.0511641148164681,-2.4237170624239,0,1,0.0511641148164681,0.423799231772482,1
"10",0,0,0.00691335367093788,-4.60056461728381,0,1,0.0511641148164681,1.40662824016858,0
"11",1,1,0.046095017876771,-3.11871457355654,0,5,0.0511641148164681,0.95474536550878,0
"12",1,1,0.0511641148164681,-3.36813538641224,0,4,0.0511641148164681,1.4409000245021,1
"13",0,0,0.00875768348191882,-2.68281286341736,0,1,0.0511641148164681,3.23537620196202,0
"14",0,1,0.0511641148164681,-4.48553453416391,0,3,0.0511641148164681,0.413845156021868,1
"15",1,1,0.0501930055111958,-2.67973285736307,0,4,0.0511641148164681,1.59936024931904,0
"16",1,0,0.0357224287166035,-2.85554117574264,0,3,0.0511641148164681,2.27423314654812,0
"17",0,1,0.0422447544768584,-3.39634427148685,0,3,0.0511641148164681,0.0882288457980679,0
"18",0,1,0.013721670614787,-3.79924659121447,0,2,0.0511641148164681,-0.375459056648902,0
"19",0,1,0.0487127667313871,-3.12329793688569,0,3,0.0511641148164681,0.71227313661124,0
"20",1,1,0.00218525142320991,-3.88452197443475,0,4,0.0511641148164681,1.08148341060439,0
"21",0,1,0.0163559822491746,-1.12831517964791,0,7,0.0511641148164681,1.33789531393896,0
"22",1,0,0.0412726943094513,-3.06239784150885,0,3,0.0511641148164681,1.56613753891865,0
"23",0,1,0.00145336028184348,-4.75831740029406,0,4,0.0511641148164681,0.0657770656473022,0
"24",1,0,0.00342359356972519,-0.791929959361188,0,2,0.0511641148164681,2.72676981387394,0
"25",0,1,0.0136221132310081,-3.36461182841976,1,5,0.0511641148164681,2.58831492647447,0
"26",0,1,0.0428461736490076,-1.8978460594651,1,3,0.0511641148164681,-0.0374466078584299,0
"27",1,1,0.0511641148164681,-4.37914842787638,0,3,0.0511641148164681,1.36950741973645,1
"28",1,1,0.0511641148164681,-1.93404222994087,0,1,0.0511641148164681,1.4386581200856,1
"29",0,0,0.0511641148164681,-3.60545786118332,0,2,0.0511641148164681,0.122003957578962,1
"30",0,1,0.0272780846017703,-2.93261274833654,0,0,0.0511641148164681,1.76091762834491,0
"31",0,1,0.0128004229450214,-2.89847263399721,0,5,0.0511641148164681,1.06428198453721,0
"32",1,1,0.0232829300257585,-1.56506030454682,0,1,0.0511641148164681,3.29847904217297,0
"33",0,1,0.0267856483365268,-3.66196919737336,0,3,0.0511641148164681,-0.299977981067041,0
"34",1,1,0.0511641148164681,-3.42097315978897,0,4,0.0511641148164681,-0.0796372313229423,1
"35",1,1,0.0175906725513784,-2.80919958809826,0,1,0.0511641148164681,2.48832346555083,0
"36",1,0,0.0284632366948241,-4.11500008932519,0,3,0.0511641148164681,0.769236367942921,0
"37",0,0,0.00778324984930844,-3.39605823903273,0,2,0.0511641148164681,1.66507385069932,0
"38",1,1,0.0299893746972178,-3.00125416934259,0,0,0.0511641148164681,-0.160317087247323,0
"39",1,0,0.0307641893409975,-3.11305796224189,0,2,0.0511641148164681,2.08154085631275,0
"40",0,0,0.0029613576850316,-2.45750753290454,0,0,0.0511641148164681,1.42421189585585,0
"41",0,0,0.0350669181134524,-2.5946458410518,0,1,0.0511641148164681,1.77605632604214,0
"42",1,0,0.0193258236319613,-2.1949877489828,0,1,0.0511641148164681,0.277211282052588,0
"43",1,0,0.03751418874666,-1.56471948752978,0,3,0.0511641148164681,1.50907541044418,0
"44",1,1,0.038160064732495,-2.29381341865078,0,3,0.0511641148164681,1.1546149746384,0
"45",1,0,0.0180348621918581,-5.41694584192284,0,2,0.0511641148164681,1.30924723934512,0
"46",0,1,0.0511641148164681,-2.15923805235767,0,3,0.0511641148164681,1.31651369303221,1
"47",1,1,0.045003680563392,-3.19172303463809,0,2,0.0511641148164681,1.70767989596264,0
"48",1,1,0.0511641148164681,-3.2422872273252,0,7,0.0511641148164681,0.537564674215062,1
"49",0,1,0.00920581073719053,-2.5281387756731,0,3,0.0511641148164681,2.69830274705661,0
"50",0,1,0.00158234893691035,-2.69865211875563,0,3,0.0511641148164681,0.138014438627116,0
"51",0,1,0.0511641148164681,-2.20179657205992,0,0,0.0511641148164681,-0.051829643650058,1
"52",0,0,0.0396925734703683,-2.8676362616598,0,1,0.0511641148164681,1.5315186188611,0
"53",0,1,0.00284083062793819,-3.73875939663672,0,2,0.0511641148164681,1.07728399345509,0
"54",0,0,0.0511641148164681,-1.32307129589294,0,3,0.0511641148164681,-0.024841087793726,1
"55",0,0,0.0227908796123215,-3.05342113006644,0,2,0.0511641148164681,1.14415928902883,0
"56",0,0,0.0434553686387167,-2.93315852177189,0,2,0.0511641148164681,0.77910376983582,0
"57",0,1,0.0511641148164681,-3.39395170499537,0,1,0.0511641148164681,0.0226685044773638,1
"58",0,0,0.0488335019435121,-3.6201975979472,0,3,0.0511641148164681,1.33528023102327,0
"59",0,1,0.0511641148164681,-2.64672304533492,0,4,0.0511641148164681,2.58736662168407,1
"60",0,1,0.0124754976143713,-3.76551092881775,0,3,0.0511641148164681,2.26982587399556,0
"61",0,0,0.0371753769931872,-1.90310874085468,0,4,0.0511641148164681,3.88733301028683,0
"62",1,0,0.0154477969615225,-2.27759904305481,0,3,0.0511641148164681,1.68323891416978,0
"63",1,0,0.0142773378223576,-4.39365157871247,1,5,0.0511641148164681,0.323023912485212,0
"64",1,1,0.0393688064000022,-2.42438009783357,0,3,0.0511641148164681,0.836129566753771,0
"65",0,1,0.0185114775487033,-0.709414616043985,0,4,0.0511641148164681,1.70961161253956,0
"66",0,0,0.0511641148164681,-3.25596380220633,0,4,0.0511641148164681,-0.0536691385134165,1
"67",0,1,0.035858671496648,-1.14364584509417,0,3,0.0511641148164681,0.0437714979720714,0
"68",0,1,0.0511641148164681,-2.84471149922345,0,1,0.0511641148164681,0.0548126257842334,1
"69",0,1,0.0128867884773162,-1.70989290625557,0,5,0.0511641148164681,1.22478844734534,0
"70",1,1,0.0166416362016058,-2.34999116281053,0,3,0.0511641148164681,1.35945517437962,0
"71",0,0,0.025931320529957,-2.27002456072768,0,3,0.0511641148164681,0.336289575319682,0
"72",0,1,0.0451910830086984,-3.77209295603485,0,1,0.0511641148164681,0.873491819639398,0
"73",0,1,0.0511641148164681,-3.64197617742738,0,3,0.0511641148164681,2.64237424330845,1
"74",1,0,0.041354176536034,-0.865799915856611,0,2,0.0511641148164681,0.492901518488119,0
"75",1,1,0.0166862878958817,-2.54059018333944,0,6,0.0511641148164681,0.481512955661477,0
"76",1,1,0.0246392181779875,-3.54383542589182,0,4,0.0511641148164681,2.34365300461022,0
"77",1,0,0.0511641148164681,-4.37051379281464,0,3,0.0511641148164681,1.08748701597367,1
"78",1,1,0.0511641148164681,-1.6049547123406,0,4,0.0511641148164681,1.53767273698554,1
"79",1,1,0.0257114975191699,-2.68326613195498,0,6,0.0511641148164681,2.49218637618764,0
"80",0,1,0.0149543204499397,-3.28226501392348,0,3,0.0511641148164681,1.87679268705494,0
"81",0,1,0.0511641148164681,-1.63587525377782,0,3,0.0511641148164681,1.49588523790585,1
"82",0,0,0.0511641148164681,-3.82831736373709,0,4,0.0511641148164681,0.752646080080984,1
"83",1,1,0.015486812796165,-2.97925393007646,0,0,0.0511641148164681,0.271222391324561,0
"84",1,0,0.0511641148164681,-1.99705724632778,0,1,0.0511641148164681,1.87419356303528,1
"85",0,0,0.0511641148164681,-2.89448749563379,0,3,0.0511641148164681,0.239396960341776,1
"86",0,1,0.0206216466586097,-3.05771225589911,0,3,0.0511641148164681,1.40291953906706,0
"87",1,1,0.0233019220552987,-2.92404784728424,0,1,0.0511641148164681,0.468258019266691,0
"88",0,0,0.0376694368004282,-1.9953890894687,0,5,0.0511641148164681,1.00001193348443,0
"89",0,0,0.0511641148164681,-3.34771173713904,0,6,0.0511641148164681,1.81817838149496,1
"90",1,0,0.00117487370652275,-2.76950182066979,0,3,0.0511641148164681,1.26911921014517,0
"91",1,1,0.0342334779586588,-3.08334872671856,0,3,0.0511641148164681,0.61199885821329,0
"92",0,1,0.0237285599831189,-2.54351273051692,0,2,0.0511641148164681,0.675241490345427,0
"93",0,0,0.0104221275533741,-3.6592174603082,0,3,0.0511641148164681,2.68000872905028,0
"94",0,0,0.0131391795291321,-5.45847726561195,0,4,0.0511641148164681,-1.88073555840663,0
"95",1,0,0.0134237913487029,-3.02109307465146,0,3,0.0511641148164681,1.62213811106563,0
"96",0,0,0.0463265220351236,-1.54830982508818,0,4,0.0511641148164681,-1.20355233220161,0
"97",0,1,0.0511641148164681,-3.46061212949241,0,3,0.0511641148164681,0.72730822966925,1
"98",0,0,0.0321078211335575,-4.0219318219015,0,1,0.0511641148164681,0.0778804609507657,0
"99",0,0,0.000281678544663732,-1.8654626618483,0,4,0.0511641148164681,0.693717330256457,0
"100",1,1,0.0325914051090127,-2.62957498023307,0,1,0.0511641148164681,3.5365592399809,0
"101",0,0,0.0276042409310295,-2.83665551189885,0,5,0.0511641148164681,2.93423813758807,0
"102",0,0,0.00747645455058701,-4.80604290945829,0,4,0.0511641148164681,0.987416363849494,0
"103",0,0,0.0409101467682347,-4.74525412729813,0,2,0.0511641148164681,-0.251885096515366,0
"104",0,0,0.0343508589464147,-4.36644093217137,0,4,0.0511641148164681,1.7747961628784,0
"105",0,0,0.00198501815989634,-4.6895701948156,0,3,0.0511641148164681,1.80388996324477,0
"106",1,0,0.0511641148164681,-3.23422354578937,0,2,0.0511641148164681,-0.498762352458844,1
"107",1,0,0.0511641148164681,-4.83795680034242,0,3,0.0511641148164681,1.58585549099404,1
"108",1,1,0.0204347147342443,-3.58339650935667,0,3,0.0511641148164681,0.15934353762024,0
"109",0,0,0.0321181060609805,-2.87807783831571,0,2,0.0511641148164681,0.226015654187769,0
"110",0,0,0.0511641148164681,-0.204085661084988,0,3,0.0511641148164681,-0.208550889299986,1
"111",1,0,0.0369373951079147,-6.07597285184824,0,4,0.0511641148164681,1.01882438161088,0
"112",1,1,0.0511641148164681,-2.70797381140293,0,3,0.0511641148164681,-0.367332205428756,1
"113",0,0,0.0343711928027749,-3.63577129859261,0,4,0.0511641148164681,-0.990108921940399,0
"114",0,0,0.0216685579405794,-3.64380752084654,0,2,0.0511641148164681,-1.15619513188658,0
"115",1,0,0.0342422202420767,-2.7261106511371,0,2,0.0511641148164681,1.0671755801302,0
"116",0,1,0.0318918700920115,-2.23190539470659,0,1,0.0511641148164681,1.86025354811202,0
"117",1,0,0.0351784343653919,-1.74050093913714,1,3,0.0511641148164681,0.216711596133912,0
"118",1,0,0.0511641148164681,-2.62365584431181,0,3,0.0511641148164681,0.443819529971849,1
"119",0,0,0.0511641148164681,-2.18033917058743,0,3,0.0511641148164681,1.70695072140494,1
"120",1,1,0.0407616310218535,-2.9418573295009,0,1,0.0511641148164681,1.19156791373341,0
"121",0,1,0.0511641148164681,-5.04652101931588,0,2,0.0511641148164681,2.63967806039717,1
"122",0,0,0.0511641148164681,-4.28789874339377,0,4,0.0511641148164681,0.824463018708466,1
"123",0,1,0.0511641148164681,-2.53039590010614,1,3,0.0511641148164681,0.637531901844281,1
"124",0,1,0.0142092080919975,-5.4204316450201,0,1,0.0511641148164681,3.16158204330965,0
"125",0,0,0.0358312284107916,-2.35059212059751,0,9,0.0511641148164681,0.869927146168225,0
"126",0,0,0.0498240438177908,-2.47405185914918,0,3,0.0511641148164681,-0.312971091418823,0
"127",1,1,0.0511641148164681,-3.27372662389848,0,7,0.0511641148164681,1.65975718670579,1
"128",1,1,0.0190577725501509,-4.99154030927791,0,1,0.0511641148164681,1.09180321405245,0
"129",0,1,0.0511641148164681,-3.30346895172483,0,2,0.0511641148164681,1.4480723027599,1
"130",0,0,0.00459728244309436,-2.31216434995555,0,6,0.0511641148164681,1.54408358961439,0
"131",0,1,0.0395829189230036,-1.79776878951866,0,4,0.0511641148164681,2.62077741312665,0
"132",1,1,0.021593657435515,-2.34649554878068,0,3,0.0511641148164681,2.32129102724655,0
"133",1,0,0.0159252477005097,-3.31445124255256,0,6,0.0511641148164681,0.902158275910034,0
"134",0,0,0.0199277456055772,-1.06654238677909,0,4,0.0511641148164681,1.38423353876926,0
"135",0,1,0.0261352255691266,-4.55720257498896,0,1,0.0511641148164681,1.77504187525403,0
"136",0,0,0.00946359540630077,-0.921762878365524,0,1,0.0511641148164681,1.40644812926924,0
"137",0,1,0.00373356164016519,-4.40333531502912,0,5,0.0511641148164681,0.973216866115521,0
"138",0,0,0.0191914067714742,-4.01203959547344,0,4,0.0511641148164681,2.34105965354093,0
"139",0,1,0.0511641148164681,-3.27341618331361,0,1,0.0511641148164681,1.74490926583549,1
"140",1,1,0.0386545994312047,-3.50504175647444,0,2,0.0511641148164681,0.553331114290079,0
"141",1,1,0.0511641148164681,-3.97300490022666,0,7,0.0511641148164681,0.263169653812784,1
"142",0,0,0.0461251752673868,-1.18607006307683,0,3,0.0511641148164681,0.149426590646566,0
"143",0,0,0.0511641148164681,-2.59984840578362,0,2,0.0511641148164681,-0.340074108196151,1
"144",1,0,0.0103888468675626,-4.33714479650811,0,2,0.0511641148164681,1.65827785258889,0
"145",0,0,0.0105926524211544,-1.91535087525931,1,6,0.0511641148164681,0.643645063627914,0
"146",1,1,0.0511641148164681,-2.95241126270784,0,4,0.0511641148164681,1.04944173637386,1
"147",1,1,0.0466525682640094,-2.33238234734489,0,3,0.0511641148164681,-0.0853411417150445,0
"148",0,1,0.0101767765765478,-3.01697877238482,0,6,0.0511641148164681,1.03665284975471,0
"149",0,0,0.00602893003984526,-4.26398014025679,0,5,0.0511641148164681,-1.62360197868805,0
"150",0,1,0.0511641148164681,-4.20904976267579,0,3,0.0511641148164681,-1.14731284787526,1
"151",0,1,0.0182544708152205,-2.60205182406005,0,6,0.0511641148164681,2.09248362628828,0
"152",1,0,0.0376564102082297,-3.96359758393374,0,1,0.0511641148164681,-0.684342326005423,0
"153",0,0,0.00426768906222461,-5.11953837647275,0,4,0.0511641148164681,0.49355458231845,0
"154",0,0,0.0469530573990285,-2.95476169738464,0,4,0.0511641148164681,-0.290001554768802,0
"155",1,1,0.034995429637356,-3.95695507990762,0,3,0.0511641148164681,0.339638302991746,0
"156",1,1,0.0440062595324197,-2.81211317980341,0,1,0.0511641148164681,1.11115643968093,0
"157",1,1,0.0075927028264891,-3.67782905562637,0,1,0.0511641148164681,2.68818175565717,0
"158",1,1,0.0140936031602315,-1.82963398674308,0,1,0.0511641148164681,2.44194949317356,0
"159",0,0,0.0219769140484125,-2.91944506565269,0,4,0.0511641148164681,1.20781568651841,0
"160",1,1,0.0151296688464879,-1.79455973840244,0,3,0.0511641148164681,0.464630632032737,0
"161",1,1,0.047698684230354,-3.88162794564277,0,2,0.0511641148164681,1.25220396628038,0
"162",0,0,0.0511641148164681,-2.97338142811196,0,5,0.0511641148164681,0.0315036942675353,1
"163",0,1,0.0251129937569499,-3.04350290873174,0,5,0.0511641148164681,1.05195200212973,0
"164",0,0,0.0511641148164681,-2.422189739729,0,4,0.0511641148164681,2.27258297611879,1
"165",0,0,0.0168022977414101,-3.00040951933017,0,4,0.0511641148164681,0.53244108863217,0
"166",0,0,0.0244252256325026,-3.72035372249522,0,3,0.0511641148164681,0.464074637533596,0
"167",0,1,0.0208576443749902,-3.4827357557256,0,4,0.0511641148164681,1.83152185743598,0
"168",1,1,0.0169380391347671,-1.58338674138566,0,2,0.0511641148164681,1.35501918333876,0
"169",1,1,0.0117243358717638,-2.49066646667916,0,1,0.0511641148164681,1.45203896668906,0
"170",1,0,0.00617978552625021,-2.66540137280565,0,5,0.0511641148164681,1.87951337762274,0
"171",0,1,0.0177606600387767,-4.88545585062486,0,2,0.0511641148164681,0.891598793188946,0
"172",0,0,0.018557425371788,-5.31255788335068,0,1,0.0511641148164681,-1.43812101154228,0
"173",0,1,0.00242107755856411,-1.78753610067225,0,3,0.0511641148164681,1.73551489809107,0
"174",1,0,0.0158126589218885,-2.5857249583529,0,3,0.0511641148164681,-0.468443019480772,0
"175",1,1,0.0250724978740619,-2.87934518072322,0,2,0.0511641148164681,1.37719494310449,0
"176",0,1,0.0478539229922403,-4.16327506351549,0,5,0.0511641148164681,1.66456538417196,0
"177",1,1,0.0381768910862196,-1.37178372355004,0,7,0.0511641148164681,0.944935502426351,0
"178",1,1,0.0251036322093636,-3.5350395767444,0,5,0.0511641148164681,1.16962061559179,0
"179",0,1,0.0511641148164681,-2.93099695220785,0,2,0.0511641148164681,2.19910884290301,1
"180",1,1,0.0056225319007443,-3.60299180730406,0,0,0.0511641148164681,1.82960764538587,0
"181",0,1,0.0462435492227998,-2.59597259522561,0,5,0.0511641148164681,2.29993164222625,0
"182",1,0,0.0511641148164681,-2.71225321870746,0,5,0.0511641148164681,-0.280878580780751,1
"183",1,0,0.00533473681103019,-3.43755238558988,0,2,0.0511641148164681,0.0644005564654495,0
"184",1,1,0.0101250631812949,-3.25426865280585,0,3,0.0511641148164681,1.36737766457065,0
"185",0,0,0.0352938819247111,-2.8159278481768,0,1,0.0511641148164681,0.989692368938871,0
"186",0,1,0.0511641148164681,-2.16072918458146,0,4,0.0511641148164681,0.409786003739024,1
"187",0,1,0.0188559899162615,-2.14742595283234,0,5,0.0511641148164681,1.92521813917168,0
"188",0,0,0.0511641148164681,-4.07173377793158,0,2,0.0511641148164681,0.906005686619258,1
"189",0,0,0.0156334344350712,-2.83855922628502,0,4,0.0511641148164681,1.97894834754809,0
"190",1,0,0.0474551916120534,-3.00051527641939,0,3,0.0511641148164681,0.101322482734669,0
"191",1,1,0.0145161368307476,-2.79083936995813,0,5,0.0511641148164681,1.23730642261368,0
"192",0,0,0.000673533794753837,-2.14867542937756,0,2,0.0511641148164681,0.292101907358998,0
"193",0,1,0.0341261137886664,-4.32143117048958,0,1,0.0511641148164681,-0.30499744077998,0
"194",1,1,0.031754568264176,-1.86075141942905,0,4,0.0511641148164681,1.82737670462134,0
"195",1,0,0.0511641148164681,-1.54287702247877,0,3,0.0511641148164681,1.58214390987106,1
"196",0,1,0.046758174664614,-2.5537180598149,0,1,0.0511641148164681,-0.357305858200426,0
"197",0,1,0.0352241003835097,-2.62764079677564,0,3,0.0511641148164681,1.31886754723121,0
"198",0,0,0.0189377851180399,-3.98207201228352,0,1,0.0511641148164681,0.737257907836111,0
"199",0,0,0.0511641148164681,-2.37874755150968,0,3,0.0511641148164681,-0.184009370008407,1
"200",1,1,0.0252709969314651,-1.30382865775715,0,3,0.0511641148164681,1.18725270319228,0
"201",0,0,0.0440346059242542,-3.54171728977337,0,4,0.0511641148164681,1.50714218123247,0
"202",1,0,0.0511641148164681,-2.02453529021629,0,1,0.0511641148164681,1.05567986853354,1
"203",1,1,0.0511641148164681,-1.92369983169483,0,3,0.0511641148164681,2.37968516606831,1
"204",1,1,0.0247760089121728,-2.82059840671111,0,2,0.0511641148164681,1.89061546646119,0
"205",0,0,0.0312230590609176,-3.13092580684775,0,2,0.0511641148164681,-0.477299932168281,0
"206",1,1,0.00744629884333271,-4.00908116965896,0,1,0.0511641148164681,3.00907700785086,0
"207",1,1,0.0271380530853305,-2.57511734352642,0,3,0.0511641148164681,1.90517439127773,0
"208",1,1,0.0298857492145471,-3.65160435421122,0,2,0.0511641148164681,1.62971657988873,0
"209",0,1,0.0511641148164681,-3.84998247055694,0,2,0.0511641148164681,2.28058689176964,1
"210",0,0,0.0424842086472325,-3.35601532143935,0,0,0.0511641148164681,-0.39641750957002,0
"211",0,0,0.0469628042873624,-3.57615661664015,0,2,0.0511641148164681,1.07787831598942,0
"212",1,1,0.0225474474132056,-3.23582953463134,0,2,0.0511641148164681,-0.727442891029016,0
"213",0,1,0.0399626412856565,-5.12892904506674,0,2,0.0511641148164681,1.77140498390348,0
"214",0,1,0.00738679893604374,-3.15253900085151,0,3,0.0511641148164681,1.156374667683,0
"215",0,1,0.0248886220093194,-3.78060961550681,0,1,0.0511641148164681,0.487621136481614,0
"216",1,0,0.0511641148164681,-2.67371618011589,0,2,0.0511641148164681,1.25985225694846,1
"217",1,0,0.0114308043840854,-1.87574489950656,0,3,0.0511641148164681,2.2016580026661,0
"218",1,1,0.00552609319470594,-1.95930557734693,0,2,0.0511641148164681,1.43537104418225,0
"219",0,0,0.0511641148164681,-2.83966965036878,0,3,0.0511641148164681,1.32379546496462,1
"220",0,1,0.0374424201926202,-3.89333493280568,0,3,0.0511641148164681,2.1124682540694,0
"221",0,1,0.00561898706094955,-3.50126600775114,0,4,0.0511641148164681,3.38753602117916,0
"222",0,0,0.00433028099122089,-3.33441908973589,0,2,0.0511641148164681,1.7382869833849,0
"223",1,0,0.0279849439054189,-4.5789705125327,0,5,0.0511641148164681,0.0991357028059831,0
"224",1,0,0.0511641148164681,-3.76820738422976,0,2,0.0511641148164681,1.75794078720755,1
"225",0,1,0.0287984701571738,-1.80360855282197,0,2,0.0511641148164681,2.30725727134318,0
"226",1,1,0.00661915125405126,-2.24708068039977,0,1,0.0511641148164681,1.44686349111302,0
"227",0,0,0.0219446791299003,-3.77996245881424,0,4,0.0511641148164681,0.148770553012495,0
"228",0,0,0.0511641148164681,-3.12962013855056,0,2,0.0511641148164681,-0.04794725953093,1
"229",0,1,0.0434113908671197,-3.83165636800638,0,5,0.0511641148164681,1.00399375667994,0
"230",0,0,0.0368783984082619,-2.08710139277787,0,1,0.0511641148164681,-0.419584216094098,0
"231",0,0,0.0402535978391218,-2.00125417847965,0,5,0.0511641148164681,1.49549206185612,0
"232",0,0,0.0276666014072428,-4.28956336383988,1,2,0.0511641148164681,1.9642948452808,0
"233",1,1,0.0398122017241756,-3.62612048672328,0,1,0.0511641148164681,1.5147351254057,0
"234",1,0,0.0511641148164681,-1.60914420228911,0,1,0.0511641148164681,-0.110709969750667,1
"235",0,1,0.0511641148164681,-3.427898548158,0,2,0.0511641148164681,0.707532664000804,1
"236",0,1,0.0150478772829026,-3.68133265394435,0,3,0.0511641148164681,2.92401988146109,0
"237",0,0,0.0151791292241541,-3.96610310492257,0,3,0.0511641148164681,-1.36071369886527,0
"238",1,1,0.0124193940706961,-2.92325548186544,0,7,0.0511641148164681,0.574560259657369,0
"239",1,1,0.0155477767913887,-2.00286689100762,0,2,0.0511641148164681,0.800187136664395,0
"240",1,0,0.0124834936582741,-3.27735738211396,0,2,0.0511641148164681,2.08127715780212,0
"241",0,0,0.0511641148164681,-3.86410003063906,0,4,0.0511641148164681,0.419149753274829,1
"242",1,1,0.0296564914000115,-3.28191668020342,0,3,0.0511641148164681,0.788260760967181,0
"243",1,1,0.0511641148164681,-3.93804279329712,0,2,0.0511641148164681,0.587642290263106,1
"244",1,0,0.0263628266192952,-1.98992403023501,0,3,0.0511641148164681,1.39546279739038,0
"245",0,0,0.0198889642047494,-2.62009239431318,0,2,0.0511641148164681,-0.337176668866409,0
"246",1,0,0.0208176821203823,-1.76268456662905,0,1,0.0511641148164681,3.31131788765912,0
"247",1,0,0.0225417156546754,-3.67667006518541,0,5,0.0511641148164681,0.649508971486585,0
"248",0,1,0.0511641148164681,-2.20935183892526,0,5,0.0511641148164681,0.678896676194559,1
"249",0,1,0.0220617207392365,-4.0802484194227,1,3,0.0511641148164681,0.571038407663931,0
"250",0,0,0.0287672151502917,-1.93361527851963,0,4,0.0511641148164681,0.770388739976069,0
"251",0,1,0.045140793770587,-5.64635807929719,0,3,0.0511641148164681,0.944081984341095,0
"252",1,0,0.00824184840160864,-2.64801358906519,0,4,0.0511641148164681,0.627954559118881,0
"253",0,0,0.0511641148164681,-2.74472408100314,0,3,0.0511641148164681,1.47429996960377,1
"254",0,1,0.0139400812446516,-2.92417591844177,0,3,0.0511641148164681,0.938295367448319,0
"255",1,0,0.00931517895490689,-4.53767177349005,0,2,0.0511641148164681,-1.1276890675566,0
"256",1,1,0.0172373903878721,-2.80474382571696,0,3,0.0511641148164681,-0.0022370580776534,0
"257",0,0,0.018634888601657,-3.28101121465154,0,2,0.0511641148164681,0.482195483561851,0
"258",0,1,0.0386080501657452,-2.94294663778769,0,3,0.0511641148164681,3.21020974720753,0
"259",1,0,0.0176164325902751,-4.08528872577473,0,2,0.0511641148164681,1.32498443654835,0
"260",1,1,0.00559802404723765,-0.10149527064472,0,2,0.0511641148164681,-0.276808861464502,0
"261",0,1,0.0239059633135627,-4.73698315675752,0,1,0.0511641148164681,3.07862633226923,0
"262",1,0,0.0120657345185409,-3.16828644955644,0,2,0.0511641148164681,1.55091884622343,0
"263",0,0,0.0114995357009975,-1.28613889047993,0,4,0.0511641148164681,3.01048046843714,0
"264",1,0,0.0083394124401602,-2.20556787289081,0,2,0.0511641148164681,0.712424098477068,0
"265",1,0,0.044087822895904,-0.769524983040083,0,0,0.0511641148164681,1.48150576479089,0
"266",1,0,0.020386904793872,-3.25309481322624,0,2,0.0511641148164681,-0.378522511344509,0
"267",0,0,0.000446225629789156,-2.61265730914205,0,2,0.0511641148164681,1.92291053749804,0
"268",0,0,0.0511641148164681,-2.40832469261232,0,5,0.0511641148164681,0.18030918158299,1
"269",1,1,0.0511641148164681,-3.20767281129761,0,0,0.0511641148164681,0.350560134671356,1
"270",1,1,0.0153100755781044,-2.56247716764864,0,6,0.0511641148164681,2.48910437536459,0
"271",1,0,0.0511641148164681,-3.67992201613478,0,2,0.0511641148164681,0.0587851559432484,1
"272",1,0,0.0511641148164681,-4.25446115079894,0,3,0.0511641148164681,-0.174004945402223,1
"273",0,0,0.0117942831557658,-2.17985106341974,0,3,0.0511641148164681,1.79311193192375,0
"274",0,0,0.0183508966498832,-3.52164162133018,0,2,0.0511641148164681,0.20391651768378,0
"275",1,1,0.0511641148164681,-3.27052851754103,0,6,0.0511641148164681,1.98944781384063,1
"276",1,0,0.00378889968045206,-2.82244333498942,1,3,0.0511641148164681,3.10720293663235,0
"277",0,0,0.031653413223686,-1.65926557694676,0,3,0.0511641148164681,2.82730701095087,0
"278",0,1,0.0397409697314361,-1.92598384062401,0,3,0.0511641148164681,1.39277789676474,0
"279",1,1,0.00341157167575053,-1.96653758301764,0,4,0.0511641148164681,0.904344478765662,0
"280",0,1,0.0189689404935672,-2.31607028015779,0,2,0.0511641148164681,1.74032816059999,0
"281",0,1,0.0357953808853493,-2.71406872605242,0,4,0.0511641148164681,2.13531064025272,0
"282",0,1,0.0439597098428655,-3.93142816536036,0,4,0.0511641148164681,1.79343351480763,0
"283",0,0,0.00185897968015911,-2.05649800281328,0,3,0.0511641148164681,1.75687731031835,0
"284",0,0,0.0354508844123968,-4.44271067968384,1,4,0.0511641148164681,0.686825176255998,0
"285",0,1,0.0290339497994811,-3.09981209969859,0,1,0.0511641148164681,-1.49278859509861,0
"286",1,0,0.0113251835771015,-2.66155298851781,0,2,0.0511641148164681,0.92494740345287,0
"287",1,1,0.00872493577439924,-4.77616483033413,0,3,0.0511641148164681,0.07268304598311,0
"288",1,1,0.0256368393304841,-1.96464568056438,0,2,0.0511641148164681,2.23482119102825,0
"289",0,0,0.0511641148164681,-2.17142886771777,0,2,0.0511641148164681,1.18331357642188,1
"290",0,1,0.0150753785094546,-2.89980175740218,0,4,0.0511641148164681,1.83836598805971,0
"291",0,1,0.0511641148164681,-4.04956613054895,1,1,0.0511641148164681,1.67062856420808,1
"292",1,0,0.0511641148164681,-3.64675789659973,0,3,0.0511641148164681,-0.364060462964412,1
"293",0,1,0.0511641148164681,-2.1954900263125,0,5,0.0511641148164681,1.66527341112018,1
"294",1,1,0.0511641148164681,-3.13625666392427,0,3,0.0511641148164681,1.72622262963152,1
"295",0,0,0.0434400478892799,-4.35901209157078,0,4,0.0511641148164681,1.29374249209711,0
"296",0,0,0.0511641148164681,-1.49458454482564,0,1,0.0511641148164681,0.0652210681521336,1
"297",1,1,0.0366304159848317,-2.69638057745495,0,1,0.0511641148164681,2.2484769605738,0
"298",1,1,0.0511641148164681,-2.06194549930564,0,6,0.0511641148164681,-0.689706357441836,1
"299",0,1,0.0412522951391221,-3.71480256386832,0,2,0.0511641148164681,2.48237729124752,0
"300",0,0,0.0200252378939189,-2.79848695322967,0,4,0.0511641148164681,2.0912432707122,0
"301",1,0,0.025632742182274,-4.42390383690872,0,3,0.0511641148164681,0.684481950998324,0
"302",1,0,0.0332020548797481,-1.92672399570581,0,4,0.0511641148164681,2.87071838905989,0
"303",1,1,0.0114677766660199,-1.71993509659173,0,6,0.0511641148164681,1.27678785918821,0
"304",1,1,0.017264855823202,-1.59168115764327,1,3,0.0511641148164681,0.367696555582872,0
"305",0,0,0.0511641148164681,-3.01197920766132,0,1,0.0511641148164681,1.91838753516473,1
"306",1,0,0.0377933214052527,-4.32034911733449,0,4,0.0511641148164681,1.21063428243218,0
"307",0,1,0.0511641148164681,-3.73774618956574,0,5,0.0511641148164681,-0.914291401142478,1
"308",1,0,0.00351010959196984,-2.59303879688778,0,3,0.0511641148164681,0.707820047611173,0
"309",0,0,0.0511641148164681,-2.98819645555294,0,3,0.0511641148164681,-0.63636865770915,1
"310",1,1,0.0511641148164681,-2.11870268384841,0,1,0.0511641148164681,0.388804637111358,1
"311",0,0,0.0263382916126893,-0.494450781146689,0,1,0.0511641148164681,0.546547150266844,0
"312",1,1,0.0511641148164681,-3.53285854405735,0,5,0.0511641148164681,2.35751658980536,1
"313",0,0,0.0511641148164681,-1.23103753103008,0,4,0.0511641148164681,-0.473080813967577,1
"314",0,0,0.0168957516971226,-4.46451170193373,0,4,0.0511641148164681,1.10291768871515,0
"315",0,1,0.0511641148164681,-3.64110023039893,0,3,0.0511641148164681,1.19819367100896,1
"316",1,1,0.0343246220372909,-3.9178134825562,0,3,0.0511641148164681,0.560397462381946,0
"317",1,0,0.0190806378787338,-2.72831015986133,0,2,0.0511641148164681,0.255757366419082,0
"318",1,0,0.0511641148164681,-3.21029131644974,0,1,0.0511641148164681,1.74190764374384,1
"319",0,0,0.0175493585055473,-3.33332788733225,0,2,0.0511641148164681,1.47523696387143,0
"320",1,1,0.0164950748492388,-5.14640287339922,0,3,0.0511641148164681,1.24325624625191,0
"321",0,1,0.0511641148164681,-3.48588924323775,1,3,0.0511641148164681,1.26475620148305,1
"322",0,0,0.049350197755326,-1.68026521339086,0,3,0.0511641148164681,2.64334853337131,0
"323",0,1,0.0387717508308107,-3.13358055008648,0,2,0.0511641148164681,1.98701157600548,0
"324",1,0,0.0154874631369552,-3.56360508536622,0,1,0.0511641148164681,0.653094413633427,0
"325",0,1,0.0511641148164681,-4.32203318102777,0,1,0.0511641148164681,0.852034051314472,1
"326",1,1,0.0511641148164681,-0.647639411442303,1,4,0.0511641148164681,0.725789246703853,1
"327",1,1,0.00475020242319769,-3.61700686797827,0,5,0.0511641148164681,2.23240127953478,0
"328",0,1,0.0511641148164681,-1.83559955737589,0,3,0.0511641148164681,0.592506541844108,1
"329",0,1,0.0511641148164681,-3.01654764527287,0,1,0.0511641148164681,-0.0916352011477932,1
"330",1,1,0.0504680960571028,-2.32547305181929,0,3,0.0511641148164681,1.5857255896106,0
"331",0,0,0.0374778168464252,-2.2179321947147,0,3,0.0511641148164681,1.97111724765181,0
"332",0,0,0.048866860068289,-2.88404447041151,0,1,0.0511641148164681,1.68372320903433,0
"333",0,1,0.0261498300299152,-1.09385233884115,0,5,0.0511641148164681,2.04553733079749,0
"334",0,1,0.0237045121382235,-3.65491549894263,0,2,0.0511641148164681,1.16433896308014,0
"335",0,0,0.0511641148164681,-3.32492709518258,0,1,0.0511641148164681,-0.737320580619973,1
"336",0,1,0.0143466951286684,-4.83770769999202,0,0,0.0511641148164681,1.35953273643189,0
"337",0,1,0.00259413721503639,-3.48873029896755,0,3,0.0511641148164681,2.10408108961471,0
"338",0,0,0.0511641148164681,-2.70217131248833,0,3,0.0511641148164681,1.71508385481362,1
"339",1,1,0.012013532216517,-2.50386246876205,0,4,0.0511641148164681,0.317105622330026,0
"340",1,1,0.0511641148164681,-2.28841422277223,0,5,0.0511641148164681,1.79207584104188,1
"341",1,0,0.0224304448586849,-2.44092953219014,0,3,0.0511641148164681,2.32257298873392,0
"342",0,0,0.0511641148164681,-2.98611548384833,0,4,0.0511641148164681,3.00552203123622,1
"343",0,1,0.0307053411982272,-2.39424802104188,0,3,0.0511641148164681,2.28551164464687,0
"344",0,1,0.00565920401207281,-4.16521906884772,0,2,0.0511641148164681,1.11705742495129,0
"345",0,0,0.00494594714493079,-4.09671481972167,0,1,0.0511641148164681,1.93496583119178,0
"346",0,1,0.0511641148164681,-1.45201486584885,0,0,0.0511641148164681,2.33301584467702,1
"347",1,1,0.00969005741537655,-2.97810268678351,0,5,0.0511641148164681,1.98153414220493,0
"348",1,1,0.0124696341450218,-2.66827708538773,0,2,0.0511641148164681,1.65615116358211,0
"349",0,1,0.0145897342501419,-3.76609949000583,0,5,0.0511641148164681,2.00695897297731,0
"350",1,0,0.030061614981651,-3.43248242477348,0,4,0.0511641148164681,-0.610829737144049,0
"351",0,0,0.0344115936499089,-2.91659548365568,0,3,0.0511641148164681,0.744106689269024,0
"352",0,1,0.00151667509200662,-3.60847893808324,0,4,0.0511641148164681,2.90817532604796,0
"353",1,0,0.0511641148164681,-4.68989857015379,0,1,0.0511641148164681,1.70154994958827,1
"354",0,1,0.0511641148164681,-2.81219658171763,0,3,0.0511641148164681,0.314304763099696,1
"355",0,1,0.0504213618440303,-2.70384898027434,0,2,0.0511641148164681,0.662372412826945,0
"356",0,0,0.0133858491863116,-4.74508058166236,0,6,0.0511641148164681,-0.0213916299765169,0
"357",1,0,0.00968895889920726,-3.09868309563958,0,2,0.0511641148164681,2.65062874384231,0
"358",0,0,0.0262383793733511,-3.35799289714418,0,0,0.0511641148164681,-0.751896850451178,0
"359",1,1,0.0511641148164681,-3.41836288420057,0,3,0.0511641148164681,2.8034927560555,1
"360",0,1,0.0125103903728007,-1.87684971565181,0,7,0.0511641148164681,-0.397658765058739,0
"361",0,0,0.0270688452471417,-2.68667060471235,0,2,0.0511641148164681,2.52467924796176,0
"362",0,1,0.0118127645593343,-3.61399949160537,0,4,0.0511641148164681,3.24495764844355,0
"363",1,0,0.0346029327980913,-3.11913336515844,1,3,0.0511641148164681,1.4497268031019,0
"364",0,1,0.0511641148164681,-1.71876533496297,0,2,0.0511641148164681,1.14811403044176,1
"365",0,1,0.0216371559830894,-2.69659971219503,0,4,0.0511641148164681,0.692523696381697,0
"366",1,1,0.00302079785877767,-3.38654048777505,0,4,0.0511641148164681,2.37581351748527,0
"367",0,1,0.0302790262071767,-2.48855971020109,0,4,0.0511641148164681,2.55228217047824,0
"368",0,1,0.0511641148164681,-4.76882294682621,0,3,0.0511641148164681,0.958319481036965,1
"369",1,0,0.013059172981293,-3.20831581574827,0,3,0.0511641148164681,0.0010365807099233,0
"370",1,1,0.00277583366842702,-4.20152995523645,0,4,0.0511641148164681,2.17391919096048,0
"371",1,0,0.0511641148164681,-1.51744761054543,0,2,0.0511641148164681,1.12937942228726,1
"372",0,0,0.0339802624066654,-1.34581089369933,0,4,0.0511641148164681,0.919500461823283,0
"373",0,1,0.0398912677227218,-3.82041676150836,0,0,0.0511641148164681,1.24499355582778,0
"374",0,0,0.0250441356671958,-3.59285067772344,0,1,0.0511641148164681,0.532724352524591,0
"375",0,1,0.0511641148164681,-1.43601315495342,0,3,0.0511641148164681,1.04977373620624,1
"376",0,0,0.0173700644246138,-5.19317627217862,0,0,0.0511641148164681,4.09224985278403,0
"377",0,1,0.0511641148164681,-0.883077615691935,0,6,0.0511641148164681,2.00178522577454,1
"378",0,0,0.0492636894299656,-2.55696360791595,0,1,0.0511641148164681,0.534260520386922,0
"379",0,0,0.0217504921625219,-5.4041126955466,0,2,0.0511641148164681,1.50074806715032,0
"380",1,0,0.0511641148164681,-3.52414989958553,0,4,0.0511641148164681,-0.133949704838996,1
"381",0,0,0.0213864462086213,-2.51105135023584,0,4,0.0511641148164681,-0.297198244681585,0
"382",0,1,0.00326082028786002,-3.24799675991316,0,5,0.0511641148164681,0.108538588005835,0
"383",0,0,0.0511641148164681,-3.88999964158543,0,2,0.0511641148164681,0.342432271820198,1
"384",0,0,0.0382539390978586,-4.72168614754075,0,5,0.0511641148164681,0.731557421156596,0
"385",1,1,0.0178951181378676,-2.90679742296293,0,4,0.0511641148164681,-0.829474920113202,0
"386",0,0,0.0277772261395278,-1.29872402515451,0,4,0.0511641148164681,1.22838024280066,0
"387",0,0,0.0286715357382533,-4.6040601970385,0,1,0.0511641148164681,1.69952972415047,0
"388",0,1,0.0173984841577497,-1.14139384836998,0,3,0.0511641148164681,2.28668631096084,0
"389",1,1,0.0152276975108968,-3.18983859374362,0,0,0.0511641148164681,-0.357606101154114,0
"390",1,1,0.0203032499548945,-3.34210060003372,0,2,0.0511641148164681,1.06648138376513,0
"391",0,1,0.00778909938423102,-3.15077200952205,0,8,0.0511641148164681,1.5621559944907,0
"392",0,1,0.0206028011077258,-2.60907435752058,0,4,0.0511641148164681,1.18039907289981,0
"393",1,1,0.0157221867518744,-3.67248670587733,0,4,0.0511641148164681,-0.884210240505736,0
"394",0,1,0.0511641148164681,-0.799127585816016,0,5,0.0511641148164681,3.34265853041893,1
"395",0,1,0.0414201027983423,-4.2128323904455,0,3,0.0511641148164681,1.81237770109891,0
"396",0,0,0.0192139461228988,-1.82684729999829,0,0,0.0511641148164681,0.964865723398849,0
"397",0,0,0.0398572451972352,-2.92854816227161,0,4,0.0511641148164681,0.113130803608103,0
"398",0,1,0.0299318240952745,-4.08886283384838,0,3,0.0511641148164681,1.46902319646598,0
"399",1,1,0.0388836924092204,-2.56803149912779,0,0,0.0511641148164681,2.70087403350642,0
"400",0,1,0.0232256295058435,-2.77730960185829,0,3,0.0511641148164681,2.67128661959526,0
"401",0,1,0.0150312058137563,-2.48034344159701,0,1,0.0511641148164681,1.17749925660654,0
"402",0,0,0.0507238075599359,-2.12669076704631,0,3,0.0511641148164681,0.496274579316512,0
"403",0,1,0.0511641148164681,-2.93976479927133,0,2,0.0511641148164681,1.10503104077397,1
"404",0,1,0.0256041817092348,-3.72674977417625,0,2,0.0511641148164681,-0.17915367076978,0
"405",1,1,0.0272222379131749,-5.58826187974957,0,0,0.0511641148164681,1.83689751873077,0
"406",0,1,0.0511641148164681,-1.75720222481525,0,2,0.0511641148164681,1.26117619656455,1
"407",1,0,0.0511641148164681,-2.13684551047437,0,1,0.0511641148164681,0.0190918338327117,1
"408",1,1,0.022945734824105,-0.5037829267695,1,6,0.0511641148164681,3.23267628899915,0
"409",1,1,0.0219613379148561,-3.216404119214,0,0,0.0511641148164681,0.414803356383974,0
"410",0,0,0.0274241206344194,-2.07883305605294,0,4,0.0511641148164681,0.0935079301494031,0
"411",0,0,0.0199421147300059,-3.24635544549932,0,4,0.0511641148164681,0.103564058439784,0
"412",1,1,0.00240495863767596,-1.59248414900668,0,1,0.0511641148164681,0.471080472308126,0
"413",0,1,0.0470404338086025,-2.77790601270657,0,2,0.0511641148164681,1.25919424365333,0
"414",1,0,0.0374994706321269,-2.42127637074645,1,6,0.0511641148164681,0.779690774573678,0
"415",0,1,0.0482450887222848,-1.71209258228007,0,3,0.0511641148164681,2.54042252449227,0
"416",1,1,0.00537896750197132,-2.73148171931287,0,3,0.0511641148164681,-0.24524964769156,0
"417",0,1,0.0129235968182471,-2.18462490028992,0,1,0.0511641148164681,2.25356205655171,0
"418",1,1,0.00111289921911253,-2.53352601463641,0,5,0.0511641148164681,0.756670676970377,0
"419",1,1,0.0197752146610291,-1.9891479291721,0,3,0.0511641148164681,0.377259697854139,0
"420",1,1,0.0511641148164681,-3.30688192551602,0,3,0.0511641148164681,-0.0141699367381976,1
"421",1,1,0.0129110478639387,-3.10609864426649,0,0,0.0511641148164681,0.948084915696996,0
"422",0,1,0.0179632747265506,-4.34049308564761,0,3,0.0511641148164681,0.102288952341695,0
"423",1,0,0.00444291383795334,-3.87648847254487,0,4,0.0511641148164681,0.0691262005561173,0
"424",1,0,0.0344665206679817,-2.08043066948536,0,4,0.0511641148164681,2.25176589221544,0
"425",0,0,0.0109699278452263,-3.16089630473472,0,1,0.0511641148164681,2.79996338971737,0
"426",0,0,0.0457965432466948,-1.64522097146369,0,0,0.0511641148164681,0.371595695503918,0
"427",0,1,0.0367100629975134,-2.36273057740825,0,1,0.0511641148164681,0.808711877029446,0
"428",1,0,0.0511641148164681,-3.36017718715821,0,2,0.0511641148164681,-0.242808719089512,1
"429",0,1,0.00365879491688197,-1.61367372248379,0,6,0.0511641148164681,0.806272860965999,0
"430",0,0,0.0511641148164681,-1.20885461900348,0,8,0.0511641148164681,1.42947735070246,1
"431",1,1,0.0223274464486617,-3.7218975031848,0,5,0.0511641148164681,1.14342872598813,0
"432",0,1,0.000722065769762922,-3.6946190734671,0,5,0.0511641148164681,0.745054733335887,0
"433",0,0,0.0153742509416227,-2.74821176339656,0,4,0.0511641148164681,0.279486166883434,0
"434",0,0,0.0511641148164681,-2.37910577300217,0,4,0.0511641148164681,1.14550836174136,1
"435",0,1,0.0181173266086256,-3.36948703901839,0,2,0.0511641148164681,-0.928317707487871,0
"436",1,0,0.0144847418611666,-2.49311975808977,0,5,0.0511641148164681,0.213531212482886,0
"437",1,1,0.00830747367965053,-3.69815645248775,0,4,0.0511641148164681,1.79021355471568,0
"438",1,0,0.0511641148164681,-4.15385549421059,0,4,0.0511641148164681,0.254996666323436,1
"439",0,1,0.0511641148164681,-4.3292779938357,0,5,0.0511641148164681,-1.50261159936799,1
"440",1,0,0.00251381309840931,-2.67308807607772,0,3,0.0511641148164681,-0.5604590523748,0
"441",0,1,0.0234121504234096,-4.10150440550681,0,4,0.0511641148164681,2.52687963418945,0
"442",0,1,0.0290532829732221,-2.34469254353302,0,4,0.0511641148164681,2.86588805472114,0
"443",0,0,0.0204654583033516,-2.79804437929867,0,6,0.0511641148164681,-0.824446817272113,0
"444",1,0,0.0228912947697693,-2.12120326365316,0,10,0.0511641148164681,1.56402444217151,0
"445",0,0,0.0511641148164681,-3.9106250730909,0,0,0.0511641148164681,0.638382217201094,1
"446",1,1,0.0511641148164681,-3.04758459629177,0,4,0.0511641148164681,0.41569204169037,1
"447",0,1,0.0197802988508198,-3.3490220771972,0,2,0.0511641148164681,1.6090099208562,0
"448",0,0,0.00557825919573581,-3.43429558720897,1,4,0.0511641148164681,1.52778982817477,0
"449",1,1,0.0511641148164681,-2.79361041445968,0,2,0.0511641148164681,0.655116152618556,1
"450",0,1,0.0511641148164681,-3.49761248438764,0,2,0.0511641148164681,0.325780751594507,1
"451",0,1,0.0511641148164681,-2.80118743114605,0,2,0.0511641148164681,0.698551261273314,1
"452",0,0,0.0050918409674194,-3.60077295439747,0,2,0.0511641148164681,0.432478150720239,0
"453",1,1,0.0340385294777781,-3.43090941765567,0,2,0.0511641148164681,-0.512801592646238,0
"454",1,1,0.0218130542486009,-2.18133597915819,0,4,0.0511641148164681,2.18732203242639,0
"455",0,1,0.0134902002075131,-2.60212032455883,0,8,0.0511641148164681,-0.27585562739646,0
"456",1,1,0.0511641148164681,-3.94403276485927,0,3,0.0511641148164681,0.325074577758222,1
"457",1,0,0.0511641148164681,-2.72322035844186,0,5,0.0511641148164681,0.57772139925333,1
"458",1,0,0.0511641148164681,-4.29847074391938,0,3,0.0511641148164681,-0.25696561510566,1
"459",0,0,0.00332707934549538,-4.23517273311519,0,7,0.0511641148164681,0.201121770478485,0
"460",0,1,0.0105845410290462,-2.89332339671246,0,1,0.0511641148164681,2.13770326225865,0
"461",1,1,0.0165642998474106,-1.68138958977356,0,3,0.0511641148164681,1.73652633101437,0
"462",1,0,0.037557980217576,-4.50212279664013,0,5,0.0511641148164681,2.58524166628373,0
"463",1,1,0.00501795711614388,-0.275294797891232,0,2,0.0511641148164681,2.10283813365845,0
"464",1,1,0.00242645365093761,-3.55860411953371,0,2,0.0511641148164681,0.0174082375279367,0
"465",0,0,0.0511641148164681,-2.97457927141307,0,6,0.0511641148164681,1.83253012109788,1
"466",1,0,0.0250473990827383,-2.57299288849843,0,2,0.0511641148164681,-0.5691685002019,0
"467",0,1,0.0247419960652727,-2.02671919740152,1,2,0.0511641148164681,2.31768148756704,0
"468",0,1,0.0286246208297209,-2.18614028033737,0,2,0.0511641148164681,2.53415065479019,0
"469",0,0,0.028154104999932,-3.01336007046805,0,5,0.0511641148164681,0.975867855719304,0
"470",0,0,0.0361697905816099,-2.68023042995834,0,5,0.0511641148164681,0.390348130159229,0
"471",0,1,0.0196014711343136,-4.35511548834429,0,2,0.0511641148164681,1.1116360952331,0
"472",0,1,0.0164558617940588,-3.38176159815252,0,2,0.0511641148164681,1.38268139398952,0
"473",0,0,0.0426950443175798,-2.96091141004817,0,4,0.0511641148164681,0.0492803034072065,0
"474",0,1,0.0164021804750114,-3.60312585210286,0,6,0.0511641148164681,2.28754673401765,0
"475",1,1,0.00712832302037731,-2.49462218174037,0,3,0.0511641148164681,1.8580569257251,0
"476",1,0,0.0310225007376793,-2.31579138520224,0,0,0.0511641148164681,1.98272536216028,0
"477",1,0,0.0511641148164681,-2.25954107540444,0,3,0.0511641148164681,0.684630948427113,1
"478",1,1,0.0511641148164681,-2.38271259492445,0,2,0.0511641148164681,1.03246129132574,1
"479",0,1,0.0242993493835123,-3.03897377112213,0,3,0.0511641148164681,1.7910368052548,0
"480",0,0,0.0264005078495701,-4.02636064128253,1,5,0.0511641148164681,1.33949663114232,0
"481",0,1,0.0177061505176323,-5.06696942685945,0,1,0.0511641148164681,1.94460467703635,0
"482",0,0,0.0175242752963114,-2.25079934129196,0,7,0.0511641148164681,1.56879275467749,0
"483",1,0,0.0170971053934549,-4.15662365252395,0,2,0.0511641148164681,1.25841679239521,0
"484",0,1,0.0511641148164681,-3.82341211936318,0,2,0.0511641148164681,0.771929840958328,1
"485",0,1,0.0294316814696646,-1.47271795151168,0,6,0.0511641148164681,1.31038951225983,0
"486",0,0,0.0272796093720215,-2.64530175310365,0,1,0.0511641148164681,-0.607878772775327,0
"487",0,1,0.0231296871679266,-3.05586583342348,0,4,0.0511641148164681,0.102589752969791,0
"488",1,0,0.0257095825803372,-3.42311112055401,0,2,0.0511641148164681,1.85569562723564,0
"489",1,0,0.00385199167630115,-2.30306751108553,0,2,0.0511641148164681,-0.962062568828849,0
"490",0,0,0.0383194430112724,-4.7165757741771,0,5,0.0511641148164681,1.94872096503512,0
"491",1,0,0.0412651683384482,-3.27962377623406,0,2,0.0511641148164681,1.10405399655551,0
"492",0,0,0.0466969997910634,-4.9742895580813,0,7,0.0511641148164681,-0.0442572814595312,0
"493",0,1,0.0449433016031224,-3.36789618616131,0,3,0.0511641148164681,1.7095200903182,0
"494",0,0,0.0280842236636324,-2.3729292593799,0,0,0.0511641148164681,1.17529332651918,0
"495",0,0,0.0511641148164681,-3.05419408651885,0,3,0.0511641148164681,-0.058469720516019,1
"496",0,0,0.02811073566893,-3.30930865801048,0,4,0.0511641148164681,0.319346352793634,0
"497",0,0,0.0511641148164681,-3.38552340690385,0,6,0.0511641148164681,-0.014676949986498,1
"498",0,0,0.0495729420724394,-2.1481615968844,0,8,0.0511641148164681,3.33661525391031,0
"499",1,1,0.0157741395623901,-2.63809585965343,0,2,0.0511641148164681,-0.171450026125463,0
"500",0,0,0.014740384957156,-2.58236900184754,0,3,0.0511641148164681,-1.14142765964586,0
"501",0,0,0.0354205893805707,-3.16471549648944,0,6,0.0511641148164681,2.09765014246608,0
"502",1,0,0.0284846673348631,-5.01188505464757,0,3,0.0511641148164681,2.18103650070068,0
"503",0,1,0.019345200779165,-2.09502562818199,0,3,0.0511641148164681,1.58751068066623,0
"504",0,1,0.0121147230443969,-1.99732736847807,0,4,0.0511641148164681,2.07617257820323,0
"505",0,1,0.0275146494444676,-3.22752142878938,0,1,0.0511641148164681,2.13665290090847,0
"506",0,0,0.0438348445411776,-2.10888686053574,0,3,0.0511641148164681,1.76029266077947,0
"507",1,0,0.0203609757092034,-3.96372681585896,0,4,0.0511641148164681,1.14714239836748,0
"508",0,1,0.0405421734083964,-4.16081604681567,0,3,0.0511641148164681,2.06645339140338,0
"509",1,1,0.00105664350027383,-4.48294059691987,0,3,0.0511641148164681,0.575864991292663,0
"510",0,0,0.014020500078873,-3.89631157517093,0,5,0.0511641148164681,0.624968723025537,0
"511",0,0,0.0387820489112124,-4.99808069580388,0,3,0.0511641148164681,-0.051459917306806,0
"512",0,1,0.00797993786039091,-1.98163578371066,0,3,0.0511641148164681,-0.288383456543135,0
"513",0,0,0.0370402028118677,-1.5615144269842,0,1,0.0511641148164681,1.52304436188275,0
"514",0,1,0.0160878390150701,-3.24866470090077,0,2,0.0511641148164681,0.918950970643785,0
"515",1,1,0.0352725250227112,-3.91940953886139,0,2,0.0511641148164681,-0.0746804719749641,0
"516",0,1,0.0511641148164681,-4.1259069604912,0,3,0.0511641148164681,1.42944292750789,1
"517",0,1,0.00046958064542986,-1.46198535471203,0,2,0.0511641148164681,0.801488681772738,0
"518",0,1,0.0229004060324938,-4.11011493093122,1,3,0.0511641148164681,0.283615092408195,0
"519",0,0,0.0438352908854396,-3.78849906231847,0,2,0.0511641148164681,0.696469124874594,0
"520",1,1,0.0114194196884862,-3.83624547629739,0,2,0.0511641148164681,0.737608091924155,0
"521",0,1,0.0511641148164681,-1.50216768028146,0,2,0.0511641148164681,1.03912518221339,1
"522",1,1,0.00918861917431811,-3.11035402563681,0,3,0.0511641148164681,1.06258531405203,0
"523",1,0,0.0149061529993226,-3.47541716269094,0,1,0.0511641148164681,1.55631099073041,0
"524",1,1,0.0446366031453147,-3.24698757513464,0,1,0.0511641148164681,0.882758620033848,0
"525",0,0,0.0459221100482086,-2.19718759549492,0,3,0.0511641148164681,0.428020498617561,0
"526",0,0,0.0511641148164681,-2.57842923040293,0,1,0.0511641148164681,1.27348169575633,1
"527",1,1,0.0422844289676849,-3.97198680128498,0,8,0.0511641148164681,0.162800257503444,0
"528",1,1,0.0287974235515933,-2.3699081479345,0,4,0.0511641148164681,0.836598229845132,0
"529",1,1,0.0155009704107397,-1.95305799113447,0,4,0.0511641148164681,1.52891889480175,0
"530",0,1,0.0511641148164681,-3.2217209720628,1,3,0.0511641148164681,0.496524228559438,1
"531",1,1,0.00530359484431179,-1.65605316150608,0,4,0.0511641148164681,2.22758487302991,0
"532",1,1,0.00445718009587395,-1.52353175098467,0,1,0.0511641148164681,0.202937354026509,0
"533",1,1,0.0511641148164681,-1.26946267904649,0,3,0.0511641148164681,1.18140440126168,1
"534",1,1,0.0511641148164681,-2.7358843346469,0,1,0.0511641148164681,0.130209186203056,1
"535",0,0,0.00162388303153852,-2.52819133312696,0,4,0.0511641148164681,-0.385373746507867,0
"536",0,0,0.0511641148164681,-1.94410174741109,0,5,0.0511641148164681,0.487394756994173,1
"537",0,0,0.0511641148164681,-3.7596639010233,0,3,0.0511641148164681,2.12095679875579,1
"538",1,0,0.0168722792478569,-4.48664781215751,0,0,0.0511641148164681,0.845621333354975,0
"539",1,1,0.042153856288033,-2.44357130005171,0,4,0.0511641148164681,0.642502209766767,0
"540",1,0,0.0244720442907559,-3.02841736310334,0,3,0.0511641148164681,2.23648319682949,0
"541",1,0,0.0202505043246445,-1.42818437623257,0,3,0.0511641148164681,1.75350951350757,0
"542",1,0,0.0276471183039366,-2.79570444720701,0,3,0.0511641148164681,1.92059392797074,0
"543",1,1,0.0107482919251027,-2.72053951758407,0,0,0.0511641148164681,1.67157445191191,0
"544",1,1,0.00471798617625399,-1.68331439777595,0,1,0.0511641148164681,1.33567503962401,0
"545",1,0,0.0334223129353374,-2.59814949896675,0,4,0.0511641148164681,0.65471619182121,0
"546",1,1,0.00741336854560766,-4.10557541244225,0,4,0.0511641148164681,1.42655216139556,0
"547",0,0,0.0511641148164681,-3.01190308562819,0,2,0.0511641148164681,-0.226082270047739,1
"548",0,0,0.0116930810451679,-2.80983625401998,0,3,0.0511641148164681,0.961728271510622,0
"549",1,1,0.0511641148164681,-4.44271926872601,0,0,0.0511641148164681,1.4073490566353,1
"550",1,0,0.0511641148164681,-2.78327266231971,0,5,0.0511641148164681,1.4295371235826,1
"551",0,0,0.00214716177676142,-3.93905159337047,0,5,0.0511641148164681,0.963634769390316,0
"552",1,0,0.0511641148164681,-1.49705403262515,0,3,0.0511641148164681,-0.491181341024896,1
"553",0,1,0.00141315477772673,-2.7818742957517,1,3,0.0511641148164681,1.33547187075316,0
"554",1,1,0.0031123440895781,-1.62940176445375,0,4,0.0511641148164681,1.83351542768975,0
"555",0,0,0.026732588897958,-2.58644164258248,0,1,0.0511641148164681,2.37247410731054,0
"556",1,0,0.000880603450920085,-1.38490354222643,0,7,0.0511641148164681,-0.253123206251335,0
"557",1,0,0.0511641148164681,-1.78030364442013,0,2,0.0511641148164681,1.02135767937963,1
"558",0,1,0.0120957318309474,-2.63171304427935,0,3,0.0511641148164681,1.31027789740541,0
"559",0,0,0.0108885643688122,-5.78862625142853,0,6,0.0511641148164681,1.72343227991323,0
"560",0,1,0.0269909040714299,-2.49215906333973,0,4,0.0511641148164681,0.965886679263537,0
"561",1,1,0.0182323885170004,-1.45231965535677,0,4,0.0511641148164681,1.16840385291024,0
"562",0,0,0.0262027875290268,-2.99019395286572,0,2,0.0511641148164681,1.45738046773175,0
"563",1,0,0.0416271699272968,-2.53767437539458,1,7,0.0511641148164681,1.21319106318534,0
"564",1,0,0.03480305742624,-3.04758896692834,0,1,0.0511641148164681,-1.9962631949999,0
"565",1,0,0.0397991074757479,-5.34633417321436,0,2,0.0511641148164681,0.959327453744903,0
"566",0,0,0.0305422596516237,-2.43245447879449,0,3,0.0511641148164681,1.27938928272378,0
"567",1,0,0.0175135243180585,-2.95296504568578,0,2,0.0511641148164681,1.92113143942101,0
"568",0,0,0.0314256407604343,-4.82648618954538,0,5,0.0511641148164681,0.165107765622416,0
"569",1,0,0.032120477259515,-2.95194262529222,0,3,0.0511641148164681,2.13145224820712,0
"570",1,1,0.0511641148164681,-1.24744131464013,0,3,0.0511641148164681,0.0512279176871792,1
"571",0,1,0.0511641148164681,-1.9736457523975,0,2,0.0511641148164681,2.39150094262967,1
"572",0,1,0.0295951936371131,-3.88020233819063,0,7,0.0511641148164681,0.704852166443905,0
"573",1,1,0.00917050150975711,-2.61187068372893,0,6,0.0511641148164681,1.5060651861311,0
"574",0,1,0.036668037351533,-2.01693844184754,0,2,0.0511641148164681,3.90644023812446,0
"575",0,0,0.0511641148164681,-4.41617476132636,0,2,0.0511641148164681,1.03188405560306,1
"576",0,0,0.00772843253515849,-2.12732982837331,0,3,0.0511641148164681,0.144766548428206,0
"577",1,0,0.0100472351602594,-2.29777735081574,0,2,0.0511641148164681,1.75421152042141,0
"578",0,1,0.0400028263277445,-2.56325231650646,0,3,0.0511641148164681,2.03929397134349,0
"579",1,0,0.0117407294052093,-2.58265442212372,0,0,0.0511641148164681,3.41577011581735,0
"580",0,1,0.0511641148164681,-3.77194338541121,0,7,0.0511641148164681,2.49554346816152,1
"581",1,1,0.0389659889420812,-3.10630194677562,0,2,0.0511641148164681,0.236312070773279,0
"582",1,0,0.0511641148164681,-2.79563583002625,0,3,0.0511641148164681,1.30343190220804,1
"583",0,0,0.0448053874468711,-3.51527274274066,0,1,0.0511641148164681,1.43375988813592,0
"584",1,1,0.00177306215851473,-3.38833712153439,0,2,0.0511641148164681,0.979179474170907,0
"585",0,0,0.0511641148164681,-3.05336827042901,0,3,0.0511641148164681,-0.4917464170295,1
"586",1,0,0.0511641148164681,-5.53007300520493,0,5,0.0511641148164681,-1.35506096495555,1
"587",1,0,0.0240883665521238,-2.28718224767524,0,3,0.0511641148164681,1.64632726090054,0
"588",1,0,0.00319792061440164,-2.77484051094968,0,4,0.0511641148164681,1.41361077517266,0
"589",0,0,0.0474919277645595,-2.78195020342491,0,2,0.0511641148164681,1.85634658047659,0
"590",1,0,0.00341835821829398,-1.49217158448827,0,4,0.0511641148164681,-0.523595067325983,0
"591",0,1,0.00173491510348345,-4.1575335830872,0,3,0.0511641148164681,0.994392814765809,0
"592",0,1,0.0511641148164681,-3.78704562771672,0,2,0.0511641148164681,-0.316957909317367,1
"593",1,0,0.0246177841352578,-2.98631779457086,0,6,0.0511641148164681,0.991372828607674,0
"594",1,1,0.000302345749890189,-4.25695834249361,0,3,0.0511641148164681,0.969177618866337,0
"595",1,1,0.0198764252444146,-3.91306070093858,0,4,0.0511641148164681,-0.683841196117575,0
"596",1,0,0.00827329342994536,-2.43469781302928,0,1,0.0511641148164681,1.66372162158181,0
"597",1,0,0.0121292297393801,-3.01560620075613,0,5,0.0511641148164681,-0.651443502213195,0
"598",0,0,0.00363850275496632,-1.5467977767142,0,2,0.0511641148164681,1.53470433514113,0
"599",0,0,0.0511641148164681,-3.18976285535815,0,2,0.0511641148164681,1.21415531242881,1
"600",0,1,0.0490099432701807,-3.86495250795555,0,4,0.0511641148164681,1.68746282253803,0
"601",0,1,0.0511641148164681,-2.14512565211627,0,3,0.0511641148164681,1.18325445173152,1
"602",0,1,0.0511641148164681,-3.42431854252165,0,4,0.0511641148164681,-0.417395155889386,1
"603",0,1,0.0511641148164681,-0.714685630077278,0,1,0.0511641148164681,1.75473731935039,1
"604",0,1,0.0104686610488124,-4.10949646245841,1,6,0.0511641148164681,1.88884867205415,0
"605",0,0,0.0436037244815141,-5.22437559144974,0,5,0.0511641148164681,0.306072804991915,0
"606",1,0,0.00969980967581574,-3.60365494530225,0,4,0.0511641148164681,-0.859979945953661,0
"607",0,0,0.0270334042965275,-2.43175276873671,0,4,0.0511641148164681,1.346311411456,0
"608",0,1,0.0257980821223439,-2.26399203441034,0,5,0.0511641148164681,3.46767678969894,0
"609",1,1,0.0219192432660126,-3.90908802550623,0,3,0.0511641148164681,1.33369734969522,0
"610",0,0,0.0511641148164681,-3.59119994831108,0,3,0.0511641148164681,0.0189924682388675,1
"611",1,1,0.026935266780347,-2.50564193603631,0,1,0.0511641148164681,-1.4588694616329,0
"612",0,1,0.0352802887954951,-2.37136461325982,0,3,0.0511641148164681,-1.30990612447463,0
"613",0,0,0.0406220785840235,-4.49340120266938,0,2,0.0511641148164681,2.09713502274987,0
"614",1,0,0.00446098256121421,-4.33569471248928,0,4,0.0511641148164681,1.30715075111781,0
"615",1,0,0.00217536555759838,-1.35992162602795,0,2,0.0511641148164681,-0.194051746803219,0
"616",0,0,0.0143786051079451,-2.50004030447755,0,2,0.0511641148164681,2.209815162214,0
"617",0,0,0.020186138742087,-2.56411080898686,0,2,0.0511641148164681,2.40829003795977,0
"618",0,0,0.0441276466517697,-3.55232684101445,0,5,0.0511641148164681,1.93553482167175,0
"619",1,1,0.00306936382599194,-3.67261972041399,0,4,0.0511641148164681,1.52437593426014,0
"620",0,0,0.0511641148164681,-3.84892992697549,0,7,0.0511641148164681,0.187891195413207,1
"621",1,1,0.0432688075444365,-3.06190694068222,0,1,0.0511641148164681,-0.016293656290977,0
"622",1,0,0.0511641148164681,-1.98352340582364,0,6,0.0511641148164681,-0.481653669002157,1
"623",0,0,0.0441012046797909,-2.82139250897156,0,1,0.0511641148164681,2.46225764929432,0
"624",0,1,0.0511641148164681,-2.4963957336843,0,4,0.0511641148164681,2.47232966724161,1
"625",0,1,0.0511641148164681,-2.54076618067775,0,4,0.0511641148164681,2.01607288909315,1
"626",1,0,0.0112667383751497,-2.432387835792,0,5,0.0511641148164681,-0.289029825674542,0
"627",0,1,0.0014813987946033,-2.21743983766987,0,4,0.0511641148164681,0.460800112406597,0
"628",1,1,0.050222127163409,-2.42110146779793,0,6,0.0511641148164681,0.512620651605826,0
"629",0,0,0.0205718473230754,-2.36226800796489,0,3,0.0511641148164681,-0.158936183957897,0
"630",0,1,0.0511641148164681,-3.23629290646271,0,2,0.0511641148164681,1.31486634455835,1
"631",1,0,0.0511641148164681,-3.61752752706027,0,3,0.0511641148164681,1.30953710986738,1
"632",1,0,0.0417445665498963,-3.13241268590343,0,2,0.0511641148164681,0.0702452785069879,0
"633",0,0,0.0138396676317152,-2.11092401177248,0,2,0.0511641148164681,-0.0397501347962572,0
"634",0,1,0.0511641148164681,-3.87979420283061,0,0,0.0511641148164681,0.561886809954576,1
"635",0,1,0.00324670109566153,-1.37855864968157,0,3,0.0511641148164681,1.18794754508627,0
"636",0,1,0.0511641148164681,-1.50850112994684,0,2,0.0511641148164681,-0.966096998240067,1
"637",0,0,0.0214829997115417,-3.08880818680477,0,4,0.0511641148164681,0.0894615931000708,0
"638",1,1,0.0206399864578186,-2.14650324413194,0,5,0.0511641148164681,0.10589606085913,0
"639",1,1,0.039024407310908,-2.74646686448425,1,3,0.0511641148164681,-0.550994250241598,0
"640",0,0,0.0222606334273741,-4.00888214767878,0,6,0.0511641148164681,0.889813929371428,0
"641",0,1,0.0511641148164681,-4.99661169273315,0,5,0.0511641148164681,1.15621504186531,1
"642",1,1,0.0511641148164681,-2.0043815950275,1,6,0.0511641148164681,0.718724083986914,1
"643",1,1,0.025911439887387,-1.87530569825667,0,3,0.0511641148164681,-0.223921667871133,0
"644",0,0,0.0171602729348217,-1.34962067456273,0,3,0.0511641148164681,0.666599481627563,0
"645",1,0,0.0511641148164681,-3.19571592181889,0,1,0.0511641148164681,1.00189437013494,1
"646",0,0,0.00518499180520211,-0.531421113379883,0,6,0.0511641148164681,-0.129619874365772,0
"647",0,1,0.0510181658948708,-3.1366711298118,0,2,0.0511641148164681,0.735351064896401,0
"648",1,0,0.0095235349744339,-2.1194070569429,1,3,0.0511641148164681,1.46296303834737,0
"649",0,0,0.0511641148164681,-3.78253221289343,0,6,0.0511641148164681,1.13831485671981,1
"650",0,0,0.0213863664304863,-3.15311481505711,0,4,0.0511641148164681,0.538900745423375,0
"651",1,1,0.0117460759217234,-3.34667974263928,0,7,0.0511641148164681,0.337465210060741,0
"652",0,0,0.0511641148164681,-3.59072783140078,0,0,0.0511641148164681,0.759992430763496,1
"653",1,0,0.0035887491430584,-3.91929660407335,1,3,0.0511641148164681,0.574294805844655,0
"654",1,1,0.0025405568468034,-2.04140803715033,0,2,0.0511641148164681,0.857673151114858,0
"655",1,0,0.0326771551468759,-4.01763475647821,0,1,0.0511641148164681,-0.0384507308641686,0
"656",0,1,0.00548955745152861,-2.11292028986162,0,5,0.0511641148164681,1.54513562492302,0
"657",1,1,0.000733291256884424,-3.74736873161478,0,2,0.0511641148164681,0.930917389450071,0
"658",1,0,0.0209392619964182,-1.85560958419924,0,4,0.0511641148164681,2.37084597960468,0
"659",0,1,0.0276334753056414,-3.19534351730986,0,4,0.0511641148164681,3.74741816969444,0
"660",0,1,0.0223143397236215,-2.23276028115985,0,2,0.0511641148164681,0.604410496420275,0
"661",0,1,0.0511641148164681,-0.812627272086113,0,2,0.0511641148164681,0.954818024390104,1
"662",0,1,0.0222860562213319,-2.9767361351466,0,1,0.0511641148164681,1.23139096480328,0
"663",1,1,0.0323525247446962,-1.99414070632367,1,3,0.0511641148164681,1.93248478863676,0
"664",1,1,0.0165353999918402,-2.02814284652514,0,4,0.0511641148164681,0.189602525648065,0
"665",1,0,0.0148932189041394,-1.59549560091434,0,4,0.0511641148164681,0.679939942832924,0
"666",0,0,0.0439260968116384,-3.90159785040919,0,4,0.0511641148164681,1.69943918062921,0
"667",1,0,0.0370463809201064,-3.5073106872042,0,3,0.0511641148164681,0.821594095708134,0
"668",0,1,0.0511641148164681,-2.77833149312404,0,2,0.0511641148164681,-0.00967427733957438,1
"669",1,0,0.0271209648735443,-3.23406205399066,0,3,0.0511641148164681,1.68207219400589,0
"670",1,1,0.0166715234722771,-1.19272852302501,0,3,0.0511641148164681,1.69048231597383,0
"671",0,1,0.0323242020180185,-2.42223537569941,0,1,0.0511641148164681,2.46004770357425,0
"672",0,1,0.00806280047840814,-2.66726087297112,0,5,0.0511641148164681,0.848649684775132,0
"673",0,0,0.0257829590651002,-3.16632750682721,0,3,0.0511641148164681,-0.069139584296994,0
"674",0,0,0.0511641148164681,-3.09007445068326,0,1,0.0511641148164681,1.77906200795167,1
"675",0,1,0.0108149890891019,-3.72045341504002,0,0,0.0511641148164681,1.47250990833617,0
"676",0,0,0.0330162818527941,-3.52389221636431,0,3,0.0511641148164681,0.217365547880202,0
"677",0,0,0.0511641148164681,-0.901176522502511,0,2,0.0511641148164681,1.1365567253776,1
"678",1,1,0.0393070503124912,-2.42198802857004,0,3,0.0511641148164681,1.39976233021893,0
"679",0,0,0.0149617070127059,-0.700249048895415,0,5,0.0511641148164681,0.577922534418783,0
"680",0,1,0.0511641148164681,-1.57499598488576,0,2,0.0511641148164681,2.86579759626333,1
"681",1,0,0.0242744364255635,-2.48927536631973,0,5,0.0511641148164681,1.55174194842655,0
"682",0,1,0.000873221494176586,-3.77575114696757,0,4,0.0511641148164681,0.66391323901585,0
"683",0,1,0.022710249497045,-3.11118705348252,0,4,0.0511641148164681,1.30217947083412,0
"684",1,0,0.0179914106467929,-2.70057280999267,1,1,0.0511641148164681,0.0980715520925091,0
"685",1,1,0.0511641148164681,-3.77389918761973,0,1,0.0511641148164681,1.76505998317122,1
"686",1,1,0.0171927633274908,-4.31105530204899,0,6,0.0511641148164681,1.78731277905606,0
"687",1,0,0.0500439599814224,-1.80075033090603,0,2,0.0511641148164681,2.44185314778252,0
"688",1,1,0.00533604345373846,-3.26139061574761,0,3,0.0511641148164681,1.01909652433708,0
"689",0,1,0.011293135376831,-1.31472127415782,0,2,0.0511641148164681,2.0454187704262,0
"690",1,0,0.0511641148164681,-3.07032004690231,0,4,0.0511641148164681,0.626346613889688,1
"691",1,1,0.0511641148164681,-2.27416097751874,0,2,0.0511641148164681,0.356951140420351,1
"692",1,0,0.0350193200536422,-1.93447446034141,0,3,0.0511641148164681,0.211205494704097,0
"693",0,1,0.0056988576974897,-2.82443614029651,0,1,0.0511641148164681,1.02749388935759,0
"694",0,0,0.0511641148164681,-2.92267366693515,0,3,0.0511641148164681,0.693664152890672,1
"695",0,1,0.00367196202977381,-3.1469102078918,0,2,0.0511641148164681,2.04181901655022,0
"696",1,0,0.0511641148164681,-1.08690412221369,0,4,0.0511641148164681,0.583194373167249,1
"697",1,0,0.0186689428491762,-4.20532642467651,0,4,0.0511641148164681,1.01871547703296,0
"698",0,0,0.00193853019888803,-2.63950928648513,1,1,0.0511641148164681,0.976873584494639,0
"699",0,1,0.00782940933035721,-4.32610615945761,0,2,0.0511641148164681,0.610296555880105,0
"700",1,0,0.00513919653488268,-4.377486878096,0,3,0.0511641148164681,-0.868993843254874,0
"701",0,1,0.0129101981601155,-2.49697671417934,0,1,0.0511641148164681,2.65632260805934,0
"702",1,1,0.0183070258062344,-2.77164318755972,0,3,0.0511641148164681,0.479297580679574,0
"703",1,0,0.0511641148164681,-4.8270831058576,0,2,0.0511641148164681,1.6079246430293,1
"704",0,1,0.0511641148164681,-2.86183947237814,0,2,0.0511641148164681,1.43400847862004,1
"705",0,0,0.0388917207102243,-2.35483594146896,0,5,0.0511641148164681,0.295258596303917,0
"706",0,1,0.0433474092703181,-3.37351562246955,0,0,0.0511641148164681,1.13515239980557,0
"707",0,0,0.0511641148164681,-3.03245209702291,0,1,0.0511641148164681,-0.816985461975523,1
"708",1,0,0.00306732307734673,-4.14911586585687,0,4,0.0511641148164681,1.16752063063861,0
"709",1,1,0.0511641148164681,-1.89060637991645,0,10,0.0511641148164681,1.27098638872098,1
"710",0,0,0.0466348994121303,-2.14062924169263,0,7,0.0511641148164681,1.56632596507252,0
"711",0,0,0.0511641148164681,-3.78419644749753,0,6,0.0511641148164681,0.508717667439498,1
"712",1,1,0.02210358110548,-1.74742339347734,0,2,0.0511641148164681,1.49441479943531,0
"713",1,1,0.0444265414391537,-4.8063665648984,1,3,0.0511641148164681,-0.870171587307685,0
"714",1,1,0.0255555130967219,-1.38103424357791,0,3,0.0511641148164681,2.2639250460338,0
"715",0,0,0.0511641148164681,-3.6335279073004,0,2,0.0511641148164681,0.339170409613554,1
"716",0,0,0.0163053660517413,-0.740292601620432,0,3,0.0511641148164681,0.792711317333027,0
"717",1,1,0.0154066330730722,-2.478829904312,0,5,0.0511641148164681,1.58166700434951,0
"718",0,0,0.0511641148164681,-2.98955370146039,0,4,0.0511641148164681,0.679069923027119,1
"719",0,1,0.0327946386321881,-4.0791667253332,0,2,0.0511641148164681,-0.0927636883132728,0
"720",0,1,0.0397965076544716,-3.26526349553545,0,3,0.0511641148164681,-0.322755750710779,0
"721",0,1,0.0220601459719092,-3.5349832483151,0,3,0.0511641148164681,3.07673105477563,0
"722",0,0,0.0180824636807094,-5.00021219613749,0,6,0.0511641148164681,1.1974031125581,0
"723",1,0,0.000779398321096482,-1.8307607626413,0,3,0.0511641148164681,1.33365825441224,0
"724",0,0,0.0511641148164681,-2.42172918474717,0,3,0.0511641148164681,1.50047384506167,1
"725",1,1,0.0244065193518749,-1.54445060335746,0,1,0.0511641148164681,2.47206574365208,0
"726",0,0,0.0511641148164681,-2.98833076929034,0,4,0.0511641148164681,-1.00571868174461,1
"727",1,1,0.0407563665948887,-2.50062760351456,1,4,0.0511641148164681,0.717269771675541,0
"728",1,1,0.0289830053459949,-2.09705574060563,0,6,0.0511641148164681,1.74950749757085,0
"729",1,1,0.0365440195391625,-1.77933640596442,0,2,0.0511641148164681,2.03476157128771,0
"730",1,1,0.0322715497693154,-3.38390228186161,0,3,0.0511641148164681,2.11648768369856,0
"731",0,1,0.0511641148164681,-3.7937333474379,0,4,0.0511641148164681,-0.521671961401958,1
"732",0,0,0.000217629967934458,-3.19074137985802,0,2,0.0511641148164681,0.79399820622759,0
"733",0,1,0.0485605233239422,-2.97977246572797,0,3,0.0511641148164681,0.606880231169291,0
"734",1,1,0.0371966223977282,-4.71657327945504,0,6,0.0511641148164681,1.68867104408347,0
"735",0,1,0.0153205256460731,-4.05573022018517,0,2,0.0511641148164681,0.0275856578781323,0
"736",0,0,0.0247229266361741,-3.2066478500347,0,1,0.0511641148164681,0.348323698088043,0
"737",0,0,0.0378115110488937,-3.18308988327944,0,6,0.0511641148164681,2.23250852834044,0
"738",1,1,0.00425174077221423,-2.45392629050594,0,4,0.0511641148164681,1.88722189963869,0
"739",1,1,0.0498197692220207,-2.4054873472029,0,1,0.0511641148164681,1.18556262485761,0
"740",1,1,0.0493051853760219,-3.42970610234321,0,4,0.0511641148164681,1.51691933281679,0
"741",0,1,0.00839559823553171,-3.57699649538633,0,1,0.0511641148164681,1.26179527029324,0
"742",1,0,0.0511641148164681,-3.3514553581147,0,1,0.0511641148164681,1.28642776455007,1
"743",1,1,0.0511641148164681,-2.94536896878297,0,3,0.0511641148164681,0.451500208714668,1
"744",1,1,0.0108754901826873,-4.5862130889932,0,3,0.0511641148164681,1.66880910461891,0
"745",1,0,0.0156059091892142,-4.08333911059182,0,2,0.0511641148164681,-0.265235678757874,0
"746",1,1,0.00612860164358503,-2.8493693930229,0,2,0.0511641148164681,0.391461511347953,0
"747",1,1,0.0356072148199006,-3.75892876041444,0,4,0.0511641148164681,2.23767461590737,0
"748",0,1,0.039757903628039,-2.5888262743815,0,5,0.0511641148164681,-0.639198922643165,0
"749",0,1,0.0100994464744442,-3.42915738478983,0,4,0.0511641148164681,0.879890196381171,0
"750",1,0,0.00399428510190958,-2.28177960973504,0,2,0.0511641148164681,0.431284246137339,0
"751",0,1,0.0511641148164681,-3.65285423133498,0,3,0.0511641148164681,-0.483149265136963,1
"752",1,1,0.0511641148164681,-3.50503374292078,0,2,0.0511641148164681,2.47155699200368,1
"753",1,1,0.0484927478777614,-4.38413558827427,0,0,0.0511641148164681,1.15638142092975,0
"754",0,1,0.0401511595612782,-3.16984963504301,0,3,0.0511641148164681,1.11591376005449,0
"755",1,1,0.00271153319896403,-3.04776130261375,1,3,0.0511641148164681,1.47860859557784,0
"756",0,0,0.0511641148164681,-3.23355355063192,1,9,0.0511641148164681,2.49375813957698,1
"757",0,0,0.0375476775140741,-4.1995798906819,0,2,0.0511641148164681,2.17203080511351,0
"758",0,1,0.0268757309827181,-2.71072060818265,0,4,0.0511641148164681,2.59812212842852,0
"759",0,1,0.0233105200376168,-2.84200965273929,0,3,0.0511641148164681,-1.2018453118419,0
"760",1,0,0.0391775332212227,-2.77144683251942,0,3,0.0511641148164681,-1.00684700425469,0
"761",0,0,0.0511641148164681,-1.99557305600164,0,2,0.0511641148164681,0.901250174449121,1
"762",1,0,0.0470193016242072,-2.74979575145715,0,3,0.0511641148164681,1.41566616889455,0
"763",0,1,0.0511641148164681,-3.71061275749495,0,7,0.0511641148164681,1.06009407581195,1
"764",0,1,0.0099528107465688,-2.21909303240294,0,2,0.0511641148164681,-0.0115315613591107,0
"765",0,0,0.0371665022085612,-2.49192494543552,0,4,0.0511641148164681,0.0183826181017728,0
"766",0,0,0.0319798245279924,-3.10289531101133,0,0,0.0511641148164681,2.00503283602216,0
"767",0,0,0.0511641148164681,-4.35339670865144,0,1,0.0511641148164681,2.31633236476758,1
"768",1,1,0.0169983058369152,-2.92997422527062,0,5,0.0511641148164681,0.27976280444286,0
"769",0,0,0.0276455692447375,-4.34030079560724,0,4,0.0511641148164681,0.73013280187575,0
"770",0,1,0.0358032596827713,-1.83411994850817,0,4,0.0511641148164681,2.77004619513915,0
"771",1,0,0.0388068814616811,-3.36740248796378,0,1,0.0511641148164681,1.63009018588932,0
"772",0,1,0.0511641148164681,-3.17321876168557,0,1,0.0511641148164681,0.0381867850078603,1
"773",0,0,0.00759298401976394,-2.32565993598714,0,2,0.0511641148164681,0.666247974433749,0
"774",1,1,0.037130522565092,-1.73342846005977,0,1,0.0511641148164681,1.396825379156,0
"775",0,1,0.0412139757703972,-3.47262334765706,1,4,0.0511641148164681,-0.0727095329076692,0
"776",1,1,0.0511641148164681,-2.81000321556303,0,3,0.0511641148164681,1.81784611597562,1
"777",1,0,0.0133950164010791,-1.73496285992795,0,2,0.0511641148164681,0.634756302662887,0
"778",0,1,0.0246431965034585,-2.44313492625055,0,2,0.0511641148164681,0.982160923484899,0
"779",0,0,0.00783278474445625,-3.07150543653194,0,3,0.0511641148164681,1.55368682693327,0
"780",0,1,0.0109849397217872,-3.58464701204417,0,6,0.0511641148164681,-0.452752711472306,0
"781",0,1,0.00985191003120494,-1.79588934792902,0,0,0.0511641148164681,2.41147788180901,0
"782",0,0,0.0511641148164681,-1.92616383274287,0,2,0.0511641148164681,2.3574404623708,1
"783",1,1,0.0251476788717545,-3.82997243652846,0,1,0.0511641148164681,0.367196942140909,0
"784",0,0,0.0426683819928626,-3.76479332009035,0,3,0.0511641148164681,-0.851297764958291,0
"785",1,1,0.0511641148164681,-3.08284694548677,0,1,0.0511641148164681,0.433544585789463,1
"786",0,1,0.0511641148164681,-3.90042712870844,0,0,0.0511641148164681,-0.338224318893925,1
"787",0,1,0.019520289182441,-3.47652649266909,0,2,0.0511641148164681,0.964036368694661,0
"788",0,1,0.0334798277542439,-3.54751630946179,0,2,0.0511641148164681,1.40797305157906,0
"789",0,0,0.0229537680364377,-5.40414276118595,0,6,0.0511641148164681,2.32235045200165,0
"790",1,0,0.0233556702548865,-4.70913282903777,0,5,0.0511641148164681,2.6459124485512,0
"791",1,1,0.014453493093654,-3.16413597103229,0,2,0.0511641148164681,-0.933426632462491,0
"792",0,0,0.00762012640214973,-2.88511717148612,0,2,0.0511641148164681,1.6863879942648,0
"793",0,0,0.0511641148164681,-2.25198659548595,0,5,0.0511641148164681,2.70500569965045,1
"794",0,1,0.00792501110585571,-3.0966134335418,0,4,0.0511641148164681,1.35227045601418,0
"795",0,1,0.011193052981503,-2.77299172562093,0,3,0.0511641148164681,1.39358960041016,0
"796",0,0,0.0163228363106082,-3.34454768591361,0,4,0.0511641148164681,1.44176287457764,0
"797",0,0,0.0354294943488088,-1.51472149776879,0,5,0.0511641148164681,-0.0856029095558579,0
"798",0,0,0.0511641148164681,-5.12269316552523,0,3,0.0511641148164681,0.101940644363292,1
"799",0,0,0.0213355391985874,-2.81700218184507,0,7,0.0511641148164681,1.86751244313607,0
"800",1,1,0.0511641148164681,-2.28987418161121,0,1,0.0511641148164681,0.018153584393057,1
"801",0,1,0.0511641148164681,-3.84841573351787,1,2,0.0511641148164681,1.93475642785118,1
"802",0,1,0.0210026595744536,-4.74669636154159,0,2,0.0511641148164681,0.294726438027833,0
"803",0,1,0.026166843796958,-2.27395589394075,0,3,0.0511641148164681,0.506128093795766,0
"804",0,1,0.0038442031538567,-2.49304274178347,0,3,0.0511641148164681,0.482534376315343,0
"805",1,0,0.00717567588445731,-3.14587040238934,0,4,0.0511641148164681,0.553036952519923,0
"806",0,1,0.0143665300838066,-0.478100820327393,0,1,0.0511641148164681,-0.118613246882337,0
"807",0,1,0.0259144344870106,-3.82010216250087,0,3,0.0511641148164681,0.539791783344797,0
"808",1,1,0.0404277149130184,-2.23257334667521,0,3,0.0511641148164681,-0.213266973462039,0
"809",0,1,0.0337583102439686,-1.60557093033038,0,3,0.0511641148164681,1.12693299262529,0
"810",1,1,0.0258867227536989,-2.90480628015185,0,0,0.0511641148164681,2.02636758331499,0
"811",1,0,0.00258298904362884,-5.01422139003865,0,6,0.0511641148164681,0.431104160832754,0
"812",1,0,0.0250497816711016,-1.43368430793701,0,2,0.0511641148164681,2.92809150321167,0
"813",0,0,0.0175915967248791,-5.78939358639853,0,6,0.0511641148164681,1.01231086530118,0
"814",1,0,0.0253096291535755,-1.52169539517148,1,1,0.0511641148164681,0.961366029781901,0
"815",0,1,0.0114456619715531,-2.76731362549093,1,1,0.0511641148164681,2.73768810192175,0
"816",0,0,0.0257369495872131,-2.42459365865618,0,3,0.0511641148164681,1.33213472262025,0
"817",1,1,0.0511641148164681,-4.27165453570122,0,4,0.0511641148164681,2.27509254137932,1
"818",0,0,0.0511323301690219,-2.88636010549453,0,1,0.0511641148164681,2.1214012994933,0
"819",1,0,0.00261736704899377,-3.49962229229618,0,1,0.0511641148164681,1.09225690787353,0
"820",0,0,0.0372545992185502,-2.59370958243255,0,3,0.0511641148164681,1.6143871978758,0
"821",1,1,0.0376729338762078,-3.97868364378202,0,0,0.0511641148164681,0.209789098609447,0
"822",0,0,0.0511641148164681,-3.03300362662666,0,2,0.0511641148164681,-0.308325308473841,1
"823",0,0,0.0511641148164681,-2.52299638487193,0,3,0.0511641148164681,0.723883093909053,1
"824",1,0,0.0113177223067097,-2.77346053392837,0,5,0.0511641148164681,1.90448996073948,0
"825",1,1,0.0352183390207459,-2.96437386609395,0,2,0.0511641148164681,0.364589718269585,0
"826",1,1,0.026548940302944,-2.39487348325661,0,0,0.0511641148164681,1.47605996953596,0
"827",0,1,0.0511641148164681,-2.65913068906841,0,0,0.0511641148164681,1.60631527704507,1
"828",0,1,0.0511641148164681,-3.73691174636992,0,3,0.0511641148164681,0.82302417970837,1
"829",0,1,0.0334078735455466,-2.77937244707714,0,3,0.0511641148164681,0.931538127046706,0
"830",1,0,0.024471831710982,-3.5721219616707,0,5,0.0511641148164681,0.99416266195319,0
"831",0,1,0.0379725287927165,-2.01337153148841,0,3,0.0511641148164681,3.01052843544963,0
"832",0,1,0.0486819222960403,-2.80548404471156,0,3,0.0511641148164681,2.49902968359078,0
"833",1,0,0.0186114115766913,-4.07522877264238,0,3,0.0511641148164681,1.12029157035431,0
"834",1,1,0.010202457368401,-3.00086011552973,0,2,0.0511641148164681,1.30807479040406,0
"835",0,1,0.0187894017777696,-2.97721507644236,0,1,0.0511641148164681,1.31228520407333,0
"836",0,1,0.00887766599186571,-3.65083083526174,0,1,0.0511641148164681,-0.434761909300124,0
"837",0,0,0.040517527607125,-5.29129664292409,0,3,0.0511641148164681,0.408660850120012,0
"838",0,0,0.0111709058228669,-2.76172506209663,0,3,0.0511641148164681,1.68447441475579,0
"839",0,1,0.0227181472321562,-1.76665236440347,0,5,0.0511641148164681,0.73559954121546,0
"840",0,1,0.00910830766002982,-2.90906737617918,0,2,0.0511641148164681,1.19058925754703,0
"841",1,0,0.0505489555150595,-3.82703813991853,0,3,0.0511641148164681,0.278466411316926,0
"842",1,0,0.0139526464411666,-0.344360792507452,0,4,0.0511641148164681,0.890179538307677,0
"843",1,0,0.0359203958378635,-3.78467681825753,0,0,0.0511641148164681,1.51284236003737,0
"844",0,0,0.0355589707213416,-2.26065094191505,0,2,0.0511641148164681,0.477520256726997,0
"845",0,0,0.0262053802207045,-3.11720091070119,0,6,0.0511641148164681,0.714793804361281,0
"846",1,1,0.0362567115086366,-3.84427539873109,0,2,0.0511641148164681,0.354427680191145,0
"847",1,0,0.0030629109098483,-1.74833739127081,0,2,0.0511641148164681,2.39884121482842,0
"848",0,1,0.0214463747115635,-2.89953133557808,0,2,0.0511641148164681,1.41390862965674,0
"849",0,1,0.0511641148164681,-2.18770874977725,0,8,0.0511641148164681,0.0435081830794661,1
"850",0,0,0.00251637765063224,-1.61605249695677,0,5,0.0511641148164681,0.201214419109808,0
"851",1,1,0.00489264218434536,-2.33407101507156,0,2,0.0511641148164681,1.15824027844644,0
"852",0,0,0.0475835369665264,-3.12457102239359,0,8,0.0511641148164681,1.63031408637451,0
"853",0,0,0.0511641148164681,-2.04640953081157,0,2,0.0511641148164681,-0.127419822811375,1
"854",0,1,0.00194960812921768,-2.674016566666,0,2,0.0511641148164681,0.33612398277402,0
"855",0,1,0.00520007056570373,-1.26299826364712,0,4,0.0511641148164681,0.709595121062775,0
"856",1,0,0.0210954218479627,-2.92153255634052,0,3,0.0511641148164681,0.00787392055260605,0
"857",1,0,0.0168930365746033,-2.86246117991649,0,3,0.0511641148164681,-0.652884683192734,0
"858",0,0,0.0241512613166744,-1.40420941560975,0,1,0.0511641148164681,0.0440512979330879,0
"859",0,1,0.0408934411197725,-2.8931767836302,0,2,0.0511641148164681,2.9902507388611,0
"860",0,0,0.0310202968520801,-1.56831086872208,0,9,0.0511641148164681,0.366388312723406,0
"861",1,0,0.040180439354676,-1.985124660595,0,2,0.0511641148164681,3.00465190692862,0
"862",0,0,0.00833516317891673,-4.28526827357499,0,1,0.0511641148164681,-0.804003088503388,0
"863",0,0,0.0511641148164681,-4.99327357253805,0,4,0.0511641148164681,-0.252143173107444,1
"864",1,0,0.0511641148164681,-3.23191780394054,0,0,0.0511641148164681,1.14907034579319,1
"865",1,1,0.0511641148164681,-1.88909427701183,0,2,0.0511641148164681,0.809058285081351,1
"866",0,0,0.0211022069741011,-3.73895579835968,0,2,0.0511641148164681,2.37494437325689,0
"867",0,1,0.0319941074927816,-1.72034261707574,0,3,0.0511641148164681,1.27034514091471,0
"868",1,1,0.0511641148164681,-3.51949194044032,1,3,0.0511641148164681,1.21908454858629,1
"869",0,1,0.0377598897960163,-3.2311775328806,0,1,0.0511641148164681,1.27692808000312,0
"870",0,0,0.040363337093631,-3.27036151679545,0,3,0.0511641148164681,0.56932665310431,0
"871",1,1,0.0125156293627331,-3.02134543966613,0,2,0.0511641148164681,1.49999328286241,0
"872",1,0,0.0511641148164681,-4.29433612809874,0,1,0.0511641148164681,2.87093911769456,1
"873",0,1,0.0511641148164681,-2.07217993087871,0,2,0.0511641148164681,0.14687834125545,1
"874",0,0,0.0511641148164681,-2.72401735962499,0,6,0.0511641148164681,0.164148915632965,1
"875",1,1,0.002755539446869,-1.82972183231697,0,1,0.0511641148164681,0.821693688321863,0
"876",1,0,0.0511641148164681,-2.1752931729402,0,4,0.0511641148164681,1.4723090946103,1
"877",1,0,0.00868028619414879,-3.70870034655603,0,4,0.0511641148164681,0.042023574628315,0
"878",0,0,0.0454093283191283,-3.68264738221947,0,7,0.0511641148164681,-0.10681114520131,0
"879",0,0,0.0119536448277423,-3.20675102200428,0,4,0.0511641148164681,-0.096912964244094,0
"880",1,1,0.0187691633085463,-1.32054813739065,0,3,0.0511641148164681,1.28250720637493,0
"881",0,1,0.0122324543001278,-2.66592039946777,0,2,0.0511641148164681,-0.324290821311465,0
"882",1,0,0.024478480532335,-1.96242730400497,1,2,0.0511641148164681,2.92265077152972,0
"883",0,0,0.00913734818737697,-3.10230105900565,0,3,0.0511641148164681,1.41811328899426,0
"884",1,0,0.0206060176829182,-3.64739277188925,0,3,0.0511641148164681,2.1065372809616,0
"885",1,1,0.00288988367330396,-2.40068536404485,0,3,0.0511641148164681,2.21976232354259,0
"886",0,0,0.0400343718988069,-2.94200270548137,0,0,0.0511641148164681,1.04652136333687,0
"887",0,1,0.0183409561490663,-2.63651893574763,0,4,0.0511641148164681,1.28367042102923,0
"888",1,1,0.0511641148164681,-3.3038456280002,0,2,0.0511641148164681,0.813838926057502,1
"889",1,1,0.0197469256539815,-6.10753409629683,0,2,0.0511641148164681,-0.263057669814815,0
"890",1,0,0.0511641148164681,-2.96117647286927,0,1,0.0511641148164681,0.76504035727792,1
"891",1,0,0.0220327050700142,-1.61166421794046,0,2,0.0511641148164681,1.53527351075146,0
"892",1,1,0.0465140148278168,-1.86343422806947,0,4,0.0511641148164681,1.727706317696,0
"893",0,0,0.0511641148164681,-3.14560851714909,0,7,0.0511641148164681,0.551937576150919,1
"894",0,0,0.0259391330040213,-2.31977136722799,0,4,0.0511641148164681,1.27491098959684,0
"895",0,0,0.0302959873761598,-4.26511087390393,0,3,0.0511641148164681,-1.46958992589488,0
"896",0,1,0.0511641148164681,-2.08131236739542,0,3,0.0511641148164681,1.7594314066494,1
"897",0,0,0.0326274922770674,-2.79080771422297,0,1,0.0511641148164681,0.278966057054073,0
"898",0,0,0.0142789723045217,-2.66561591741845,0,4,0.0511641148164681,0.683894593951892,0
"899",1,1,0.0388386287588412,-3.03431578420903,0,2,0.0511641148164681,2.14232257047029,0
"900",0,1,0.0225140885939971,-3.50058885064824,0,7,0.0511641148164681,1.50555645993074,0
"901",0,1,0.0511641148164681,-2.50834801905753,0,4,0.0511641148164681,-0.282635843872822,1
"902",0,0,0.0129837137685122,-3.84428081141548,0,7,0.0511641148164681,1.56358220659111,0
"903",0,0,0.0117075221218045,-3.59341448819079,0,5,0.0511641148164681,-0.0296164234916207,0
"904",1,1,0.0511641148164681,-1.36565260606901,0,0,0.0511641148164681,2.0369454867193,1
"905",1,0,0.00753038912333587,-4.66711771642139,0,6,0.0511641148164681,0.884038706506252,0
"906",1,0,0.0166460413430595,-3.5534535535355,0,5,0.0511641148164681,0.175227820464367,0
"907",0,0,0.0511641148164681,-6.22493406371035,0,4,0.0511641148164681,-0.775926390865827,1
"908",1,0,0.0175637441277039,-2.69206151026647,1,3,0.0511641148164681,-0.405879911499468,0
"909",0,1,0.0130659921163957,-1.1929672790828,0,3,0.0511641148164681,2.9419123957191,0
"910",0,1,0.01561227625612,-3.1189627222815,0,1,0.0511641148164681,1.30059991544092,0
"911",1,0,0.0511641148164681,-4.86142253908823,0,4,0.0511641148164681,0.903149821084467,1
"912",0,0,0.0392329350787128,-3.05927591416151,0,4,0.0511641148164681,2.98683608460214,0
"913",0,0,0.0134788292442288,-3.17296670337079,0,3,0.0511641148164681,1.45427571281508,0
"914",0,1,0.0511641148164681,-2.32370597805916,0,0,0.0511641148164681,1.79066004416012,1
"915",1,0,0.016637375680883,-3.0842761497238,0,5,0.0511641148164681,1.27433895992421,0
"916",0,0,0.0511641148164681,-3.95420710046273,0,1,0.0511641148164681,-0.668018374109611,1
"917",0,0,0.0511641148164681,-3.74899996231885,0,3,0.0511641148164681,0.0807115046434095,1
"918",0,0,0.000488705777379721,-2.68718789799791,0,2,0.0511641148164681,0.397233540795224,0
"919",0,1,0.0476875022530032,-3.31280557094032,0,2,0.0511641148164681,-0.328616257393511,0
"920",0,0,0.0511641148164681,-2.59813166999147,0,3,0.0511641148164681,1.83431354124094,1
"921",1,0,0.0159410956951748,-2.75073330351416,0,1,0.0511641148164681,1.05595210932022,0
"922",0,0,0.012417343876579,-2.78333520827364,0,5,0.0511641148164681,0.963113311758123,0
"923",0,1,0.0352524034958055,-2.52150224710885,0,4,0.0511641148164681,1.50592566256223,0
"924",1,0,0.0273375192180691,-1.99134117012354,0,2,0.0511641148164681,1.49410187040278,0
"925",0,1,0.000274242587877483,-3.24393744347195,0,1,0.0511641148164681,-0.236312675272914,0
"926",0,0,0.00931820512442549,-2.30471642452732,0,2,0.0511641148164681,1.28664448134261,0
"927",0,0,0.0298587175575583,-2.36243918568342,0,2,0.0511641148164681,0.546788178037269,0
"928",1,1,0.0210351258039162,-4.09674581857312,1,2,0.0511641148164681,1.27054787895809,0
"929",0,1,0.0094654427357789,-1.9979508778141,0,0,0.0511641148164681,0.807133954973423,0
"930",1,0,0.0511641148164681,-3.82759678161343,0,5,0.0511641148164681,1.87406582324349,1
"931",0,1,0.0430827837153851,-2.919180938583,1,1,0.0511641148164681,2.3387884387227,0
"932",1,0,0.0419397132549623,-2.30711384847004,0,2,0.0511641148164681,-0.539307780863221,0
"933",0,1,0.0511641148164681,-3.04162645127711,0,2,0.0511641148164681,-0.492066195541457,1
"934",1,1,0.0195599745939908,-2.56909289681542,0,2,0.0511641148164681,3.36730871465504,0
"935",1,0,0.044449900720481,-2.24586499773622,0,2,0.0511641148164681,1.50504532866172,0
"936",1,0,0.0215439337034203,-3.35297657273598,0,3,0.0511641148164681,0.063960691367618,0
"937",0,0,0.00579146351083127,-3.9222066490363,0,3,0.0511641148164681,0.423125860830321,0
"938",1,1,0.0511641148164681,-4.00684676346692,0,3,0.0511641148164681,1.81857500042581,1
"939",0,0,0.0511641148164681,-3.13478562563011,0,6,0.0511641148164681,1.41282381612318,1
"940",1,0,0.00961100342102683,-2.52662830388454,0,4,0.0511641148164681,-0.724680033451785,0
"941",1,0,0.0372503368524765,-4.14646449924835,0,5,0.0511641148164681,-0.55363757729736,0
"942",1,0,0.0412550204911753,-4.50064587406209,0,3,0.0511641148164681,0.226495857248113,0
"943",0,1,0.0253974486496239,-2.39198111796131,0,8,0.0511641148164681,1.57988859000865,0
"944",0,0,0.0146802511372475,-4.09311664347567,0,1,0.0511641148164681,3.68565205397068,0
"945",1,1,0.0182803606422431,-2.91947855674108,0,3,0.0511641148164681,0.808583634189209,0
"946",1,1,0.0511641148164681,-3.06294138049083,0,6,0.0511641148164681,1.77014754179344,1
"947",0,0,0.0511641148164681,-0.724601338554312,0,1,0.0511641148164681,1.20107165624176,1
"948",1,1,0.0378101804465183,-2.87262889394206,0,3,0.0511641148164681,0.42163518310175,0
"949",0,1,0.00351633876884392,-2.02145004440602,0,3,0.0511641148164681,3.03806157012038,0
"950",0,1,0.00460580459577566,-4.12661716139899,0,1,0.0511641148164681,0.0697425969552559,0
"951",1,0,0.0511641148164681,-4.0719144563865,0,5,0.0511641148164681,0.46176757738724,1
"952",1,0,0.0492637747565451,-3.02076022672116,0,3,0.0511641148164681,0.385531271944699,0
"953",1,1,0.0511641148164681,-2.22525725304907,0,2,0.0511641148164681,0.263654744751083,1
"954",1,0,0.00982942018866316,-3.39587231688879,0,5,0.0511641148164681,0.0275125820715698,0
"955",1,0,0.0085037582778146,-3.8037029107055,0,5,0.0511641148164681,-0.743495434093238,0
"956",1,1,0.0280847776495407,-2.99402188069942,0,1,0.0511641148164681,1.7004565622935,0
"957",1,1,0.0428031848500892,-1.49271295291975,1,2,0.0511641148164681,1.04645091516261,0
"958",0,0,0.0106560295038964,-4.17894290830901,0,3,0.0511641148164681,-0.390814451815761,0
"959",0,1,0.0132764620704168,-3.18388645215945,0,4,0.0511641148164681,2.80229485032546,0
"960",1,0,0.0141616318232976,-2.771250375227,1,4,0.0511641148164681,-0.326236619861911,0
"961",0,0,0.0297920525999649,-3.27879185152465,0,4,0.0511641148164681,-0.728756959780773,0
"962",0,0,0.0317327337092896,-2.05070594387584,0,1,0.0511641148164681,0.738671473815854,0
"963",1,1,0.0511641148164681,-4.30993689439526,0,3,0.0511641148164681,0.920220434093508,1
"964",1,0,0.0511641148164681,-4.06989404884482,0,5,0.0511641148164681,1.12573095429184,1
"965",0,0,0.0114013445047863,-1.19104895922555,0,3,0.0511641148164681,2.20621068470677,0
"966",1,1,0.0169344897065922,-4.15498048656512,0,1,0.0511641148164681,1.34080987268801,0
"967",0,0,0.0265917372912782,-3.51516175269697,0,4,0.0511641148164681,1.48325708242361,0
"968",1,0,0.0511641148164681,-0.516127714175731,0,3,0.0511641148164681,3.551621262047,1
"969",0,0,0.0269482930155871,-3.30274808690381,0,2,0.0511641148164681,1.72610491036799,0
"970",1,0,0.0171909218187507,-1.77172696948095,0,4,0.0511641148164681,-0.0248889061405766,0
"971",1,1,0.0106361735666051,-1.847147899886,0,2,0.0511641148164681,1.86731461262074,0
"972",0,1,0.0332506272797933,-5.27241098057923,0,6,0.0511641148164681,0.699567490009525,0
"973",0,0,0.0382616727391102,-2.90112883906,0,4,0.0511641148164681,1.32994200451537,0
"974",1,0,0.0511641148164681,-3.04972858975399,0,3,0.0511641148164681,-0.332308201124649,1
"975",0,0,0.0511641148164681,-1.25483493201168,0,5,0.0511641148164681,-1.52739895708207,1
"976",1,0,0.0162416589468186,-4.54887564281461,0,4,0.0511641148164681,-0.297983865459239,0
"977",0,1,0.0242803902770537,-1.48682974269865,0,2,0.0511641148164681,2.29594315546726,0
"978",1,0,0.00862387554886747,-3.05769156428294,0,4,0.0511641148164681,1.77753958092939,0
"979",0,1,0.0106396335595491,-3.19859276060025,0,5,0.0511641148164681,2.03402832750589,0
"980",0,0,0.0446311155200386,-4.4562023707119,0,0,0.0511641148164681,0.278485144565313,0
"981",1,0,0.0113312572046402,-3.54733833978549,0,2,0.0511641148164681,1.98383759881725,0
"982",1,1,0.0511641148164681,-3.66936366814377,0,4,0.0511641148164681,1.6232423185401,1
"983",0,0,0.0511641148164681,-4.46407731292016,0,6,0.0511641148164681,-0.393825844221379,1
"984",0,0,0.0302370994858887,-3.43201521853955,0,2,0.0511641148164681,1.10591710528526,0
"985",1,1,0.0133208031424557,-3.91629491756027,0,3,0.0511641148164681,2.41143049949118,0
"986",1,1,0.0350542177587144,-2.8454449960503,0,0,0.0511641148164681,1.42766687497323,0
"987",0,0,0.0103771556077472,-4.33904014256294,0,1,0.0511641148164681,0.480952268595847,0
"988",0,1,0.0192161921164479,-0.879466014486206,0,2,0.0511641148164681,1.5149609269302,0
"989",0,1,0.0254809710179632,-4.0029144356025,0,3,0.0511641148164681,-0.0160937920448976,0
"990",1,1,0.0348031951692096,-2.96803546615068,0,5,0.0511641148164681,0.550486592287317,0
"991",0,0,0.0422551801043446,-2.21831431350418,0,3,0.0511641148164681,1.2424011854127,0
"992",0,1,0.0108075457259762,-3.0299823383228,0,3,0.0511641148164681,0.568728394332692,0
"993",0,0,0.0511641148164681,-2.31113515968515,0,2,0.0511641148164681,1.47304383743843,1
"994",1,0,0.0303176407525655,-2.45345509719736,0,5,0.0511641148164681,0.70599919627678,0
"995",0,0,0.0243025712000809,-2.99131627744028,0,1,0.0511641148164681,1.6477783189342,0
"996",1,0,0.0448663607580611,-2.06324091101772,0,5,0.0511641148164681,-0.185091561495148,0
"997",0,0,0.0401991274441367,-3.71247380735807,0,3,0.0511641148164681,2.03872815621255,0
"998",0,0,0.0458519066434378,-3.31919561514563,0,6,0.0511641148164681,-0.397943604554312,0
"999",0,0,0.0511641148164681,-2.68862693117694,1,5,0.0511641148164681,1.20085057428185,1
"1000",1,1,0.0324356906261364,-2.86472213012912,0,1,0.0511641148164681,0.398303952294051,0
