"","A","M_bin","Ycen_noint","Y_cont_noint","Y_bin_noint","Y_count_noint","cen","C","delta"
"1",0,0,0.0280844186127585,-3.24382517183457,1,3,0.0663290152857909,-0.446287455030639,0
"2",0,1,0.00226649402770594,-1.17696228586614,0,1,0.0663290152857909,1.31585576177329,0
"3",0,1,0.00473071727815776,-2.31465416615788,0,2,0.0663290152857909,0.657252486084335,0
"4",0,0,0.0029095878850324,-3.25442271136011,0,3,0.0663290152857909,-0.931353099435726,0
"5",0,1,0.00880470731809612,-3.99697294513585,0,0,0.0663290152857909,1.2428210042642,0
"6",0,0,0.0663290152857909,-4.28013382314733,0,3,0.0663290152857909,0.637232051171049,1
"7",1,1,0.00103378997920144,-2.50722634598566,0,2,0.0663290152857909,3.43272890031743,0
"8",0,0,0.0216869863927993,-1.62521278868263,0,2,0.0663290152857909,1.59209119077248,0
"9",0,0,0.0116702511018117,-2.73568930959195,0,2,0.0663290152857909,0.423799231772482,0
"10",0,0,0.0470153375449422,-3.70561061958519,0,3,0.0663290152857909,1.40662824016858,0
"11",1,1,0.023937163713888,-3.88733834404267,0,1,0.0663290152857909,0.95474536550878,0
"12",1,1,0.0370230391310518,-2.24642995448889,0,3,0.0663290152857909,1.4409000245021,0
"13",0,0,0.0663290152857909,-3.32585382650139,0,2,0.0663290152857909,3.23537620196202,1
"14",0,1,0.0663290152857909,-3.16838804381779,0,4,0.0663290152857909,0.413845156021868,1
"15",1,1,0.0663290152857909,-4.8531939848877,0,6,0.0663290152857909,1.59936024931904,1
"16",1,0,0.002087371879598,-2.12157516279991,0,2,0.0663290152857909,2.27423314654812,0
"17",0,1,0.0185464414105318,-1.88628844337513,0,1,0.0663290152857909,0.0882288457980679,0
"18",0,1,0.0663290152857909,-2.04325949143625,0,2,0.0663290152857909,-0.375459056648902,1
"19",0,1,0.0663290152857909,-2.9170896251677,0,3,0.0663290152857909,0.71227313661124,1
"20",1,1,0.0263138950900048,-3.14887720284399,0,3,0.0663290152857909,1.08148341060439,0
"21",0,1,0.0363756781936892,-3.58033462861042,0,4,0.0663290152857909,1.33789531393896,0
"22",1,0,0.0437038233998364,-3.38695863402176,0,3,0.0663290152857909,1.56613753891865,0
"23",0,1,0.0317330937518583,-2.63110224860744,0,2,0.0663290152857909,0.0657770656473022,0
"24",1,0,0.0295990056462151,-1.88251412346052,0,3,0.0663290152857909,2.72676981387394,0
"25",0,1,0.0663290152857909,-4.36347012466274,0,3,0.0663290152857909,2.58831492647447,1
"26",0,1,0.0288801367334159,-3.06285695609591,0,4,0.0663290152857909,-0.0374466078584299,0
"27",1,1,0.0320218262766157,-3.12251474896509,0,4,0.0663290152857909,1.36950741973645,0
"28",1,1,0.0422382922347768,-3.82667210431122,1,4,0.0663290152857909,1.4386581200856,0
"29",0,0,0.0303099278364639,-2.7838993034985,0,3,0.0663290152857909,0.122003957578962,0
"30",0,1,0.0663290152857909,-3.10072217655735,0,6,0.0663290152857909,1.76091762834491,1
"31",0,1,0.00416317127773829,-3.07799953074414,0,6,0.0663290152857909,1.06428198453721,0
"32",1,1,0.0222427782773207,-1.70793428096373,0,1,0.0663290152857909,3.29847904217297,0
"33",0,1,0.00866056254471022,-1.69019507861996,0,4,0.0663290152857909,-0.299977981067041,0
"34",1,1,0.00726201025545823,-3.88493328888978,0,3,0.0663290152857909,-0.0796372313229423,0
"35",1,1,0.00147140747091697,-2.69383852470102,0,2,0.0663290152857909,2.48832346555083,0
"36",1,0,0.0630023420998143,-2.80274474171332,0,2,0.0663290152857909,0.769236367942921,0
"37",0,0,0.0663290152857909,-3.21823475094311,0,3,0.0663290152857909,1.66507385069932,1
"38",1,1,0.0663290152857909,-2.93525292973995,0,2,0.0663290152857909,-0.160317087247323,1
"39",1,0,0.0663290152857909,-1.98055949655415,0,1,0.0663290152857909,2.08154085631275,1
"40",0,0,0.0305613768976991,-3.47795326127604,0,2,0.0663290152857909,1.42421189585585,0
"41",0,0,0.00658857923726566,-3.38002991435026,1,3,0.0663290152857909,1.77605632604214,0
"42",1,0,0.0290963710504194,-3.75419909869893,0,5,0.0663290152857909,0.277211282052588,0
"43",1,0,0.0663290152857909,-4.33799328505505,0,1,0.0663290152857909,1.50907541044418,1
"44",1,1,0.0663290152857909,-2.2666140704509,0,2,0.0663290152857909,1.1546149746384,1
"45",1,0,0.0194369614580271,-2.99952933882731,0,4,0.0663290152857909,1.30924723934512,0
"46",0,1,0.0663290152857909,-3.44427921937957,0,1,0.0663290152857909,1.31651369303221,1
"47",1,1,0.0663290152857909,-3.03848369818853,0,1,0.0663290152857909,1.70767989596264,1
"48",1,1,0.0663290152857909,-2.43503665686294,0,5,0.0663290152857909,0.537564674215062,1
"49",0,1,0.0663290152857909,-1.78696521106776,0,2,0.0663290152857909,2.69830274705661,1
"50",0,1,0.00790123912292547,-2.12624489467907,0,4,0.0663290152857909,0.138014438627116,0
"51",0,1,0.0226729358329467,-2.65232848028215,0,3,0.0663290152857909,-0.051829643650058,0
"52",0,0,0.0379091116153645,-3.17757581502034,0,3,0.0663290152857909,1.5315186188611,0
"53",0,1,0.00157956061539071,-3.1836818497218,0,7,0.0663290152857909,1.07728399345509,0
"54",0,0,0.00912706730960169,-3.12649639888586,0,2,0.0663290152857909,-0.024841087793726,0
"55",0,0,0.0268399301811588,-2.70164161306186,0,1,0.0663290152857909,1.14415928902883,0
"56",0,0,0.0444555627955932,-2.54112334824026,0,4,0.0663290152857909,0.77910376983582,0
"57",0,1,0.037062060690289,-3.18361286598706,1,4,0.0663290152857909,0.0226685044773638,0
"58",0,0,0.00544938519998791,-5.56498555979834,0,2,0.0663290152857909,1.33528023102327,0
"59",0,1,0.0395141775446255,-2.17095072330533,0,0,0.0663290152857909,2.58736662168407,0
"60",0,1,0.0246182942279178,-2.54875660272874,0,3,0.0663290152857909,2.26982587399556,0
"61",0,0,0.0115001945429779,-2.91868743132077,0,7,0.0663290152857909,3.88733301028683,0
"62",1,0,0.0394327151307889,-3.18300018418534,0,4,0.0663290152857909,1.68323891416978,0
"63",1,0,0.0189927962910528,-4.87184334785284,0,5,0.0663290152857909,0.323023912485212,0
"64",1,1,0.0663290152857909,-2.64671579135395,0,6,0.0663290152857909,0.836129566753771,1
"65",0,1,0.0265665001363134,-3.41898681711893,0,4,0.0663290152857909,1.70961161253956,0
"66",0,0,0.00230911984566256,-2.55427656815039,0,3,0.0663290152857909,-0.0536691385134165,0
"67",0,1,0.038737777009203,-3.88119465301388,0,3,0.0663290152857909,0.0437714979720714,0
"68",0,1,0.031464899398031,-4.63579316804546,0,0,0.0663290152857909,0.0548126257842334,0
"69",0,1,0.0663290152857909,-2.70083069485155,0,1,0.0663290152857909,1.22478844734534,1
"70",1,1,0.0663290152857909,-4.08409813186769,0,3,0.0663290152857909,1.35945517437962,1
"71",0,0,0.0175290746074499,-3.40282515702022,0,5,0.0663290152857909,0.336289575319682,0
"72",0,1,0.0663290152857909,-2.31621538849386,0,2,0.0663290152857909,0.873491819639398,1
"73",0,1,0.0663290152857909,-3.46395878619395,0,3,0.0663290152857909,2.64237424330845,1
"74",1,0,0.016279634497836,-1.59646277670687,0,3,0.0663290152857909,0.492901518488119,0
"75",1,1,0.000870238207593044,-4.48612495258307,0,3,0.0663290152857909,0.481512955661477,0
"76",1,1,0.0206525009511393,-3.65737043469197,0,3,0.0663290152857909,2.34365300461022,0
"77",1,0,0.0279277674548055,-4.10768407584118,0,6,0.0663290152857909,1.08748701597367,0
"78",1,1,0.0103115319061991,-3.24442940962451,0,3,0.0663290152857909,1.53767273698554,0
"79",1,1,0.00752394584014864,-3.32685757922605,0,1,0.0663290152857909,2.49218637618764,0
"80",0,1,0.052739810714063,-2.22247637137357,0,3,0.0663290152857909,1.87679268705494,0
"81",0,1,0.0129531554312912,-1.43099795979906,0,4,0.0663290152857909,1.49588523790585,0
"82",0,0,0.0169565363451916,-1.22566149792738,0,5,0.0663290152857909,0.752646080080984,0
"83",1,1,0.0663290152857909,-3.43806460269537,0,4,0.0663290152857909,0.271222391324561,1
"84",1,0,0.0663290152857909,-2.20200269014861,0,2,0.0663290152857909,1.87419356303528,1
"85",0,0,0.000331515442683058,-5.83763077154394,0,1,0.0663290152857909,0.239396960341776,0
"86",0,1,0.0129200774958436,-2.58110404438904,0,4,0.0663290152857909,1.40291953906706,0
"87",1,1,0.0663290152857909,-3.84836878159001,0,2,0.0663290152857909,0.468258019266691,1
"88",0,0,0.0207153987492068,-2.77559746981395,0,5,0.0663290152857909,1.00001193348443,0
"89",0,0,0.0663290152857909,-2.6107073381321,0,1,0.0663290152857909,1.81817838149496,1
"90",1,0,0.0485318047205244,-4.30469653985461,0,3,0.0663290152857909,1.26911921014517,0
"91",1,1,0.0443158597401172,-1.79553596670675,0,1,0.0663290152857909,0.61199885821329,0
"92",0,1,0.0663290152857909,-1.39603391995279,0,2,0.0663290152857909,0.675241490345427,1
"93",0,0,0.0199949573971601,-2.50716957372626,0,4,0.0663290152857909,2.68000872905028,0
"94",0,0,0.0108282523505883,-1.55621688510874,0,1,0.0663290152857909,-1.88073555840663,0
"95",1,0,0.0504865597971695,-1.78988370672529,0,3,0.0663290152857909,1.62213811106563,0
"96",0,0,0.00262066522383323,-2.80576163116389,0,2,0.0663290152857909,-1.20355233220161,0
"97",0,1,0.0210660994745483,-2.35817665815977,0,2,0.0663290152857909,0.72730822966925,0
"98",0,0,0.00176590930329882,-4.03062163257215,0,6,0.0663290152857909,0.0778804609507657,0
"99",0,0,0.000951318721082457,-3.37720403935793,0,4,0.0663290152857909,0.693717330256457,0
"100",1,1,0.0325496623860898,-1.85242097156877,0,2,0.0663290152857909,3.5365592399809,0
"101",0,0,0.0287239402759866,-4.2015394109233,0,3,0.0663290152857909,2.93423813758807,0
"102",0,0,0.00756269722096461,-2.52729509101455,0,1,0.0663290152857909,0.987416363849494,0
"103",0,0,0.060806242543404,-2.66912256929278,0,5,0.0663290152857909,-0.251885096515366,0
"104",0,0,0.0124534265371386,-4.6425812200013,0,3,0.0663290152857909,1.7747961628784,0
"105",0,0,0.0264869744405373,-2.60125006263156,0,0,0.0663290152857909,1.80388996324477,0
"106",1,0,0.0663290152857909,-3.74585673082949,0,0,0.0663290152857909,-0.498762352458844,1
"107",1,0,0.0109315195733425,-3.6541236983854,0,4,0.0663290152857909,1.58585549099404,0
"108",1,1,0.0663290152857909,-4.71169419770234,0,4,0.0663290152857909,0.15934353762024,1
"109",0,0,0.0355751400190606,-2.69252884219265,0,1,0.0663290152857909,0.226015654187769,0
"110",0,0,0.0663290152857909,-2.60674581629266,0,1,0.0663290152857909,-0.208550889299986,1
"111",1,0,0.0210026661459904,-2.59056762150245,0,2,0.0663290152857909,1.01882438161088,0
"112",1,1,0.00945388347604712,-4.20457385339762,1,2,0.0663290152857909,-0.367332205428756,0
"113",0,0,0.00330181523098041,-1.96866015962304,0,1,0.0663290152857909,-0.990108921940399,0
"114",0,0,0.0377199934765072,-2.10945739647894,0,3,0.0663290152857909,-1.15619513188658,0
"115",1,0,0.0457787589878227,-2.97536888260261,0,7,0.0663290152857909,1.0671755801302,0
"116",0,1,0.0471299957959692,-3.27223439037936,0,3,0.0663290152857909,1.86025354811202,0
"117",1,0,0.00841754925327817,-4.21477384004874,0,2,0.0663290152857909,0.216711596133912,0
"118",1,0,0.0646213349750911,-4.27022830994834,0,2,0.0663290152857909,0.443819529971849,0
"119",0,0,0.0663290152857909,-2.64107017215006,1,3,0.0663290152857909,1.70695072140494,1
"120",1,1,0.0562907058711055,-1.18622143208052,0,1,0.0663290152857909,1.19156791373341,0
"121",0,1,0.0188658919711552,-3.46888973730952,0,3,0.0663290152857909,2.63967806039717,0
"122",0,0,0.0296456568287848,-3.48390914563202,0,5,0.0663290152857909,0.824463018708466,0
"123",0,1,0.0213419043009736,-3.95562962468485,0,2,0.0663290152857909,0.637531901844281,0
"124",0,1,0.0374725916179292,-1.44485015637153,1,1,0.0663290152857909,3.16158204330965,0
"125",0,0,0.0456992161898794,-2.7040898994713,0,4,0.0663290152857909,0.869927146168225,0
"126",0,0,0.0452360670994042,-3.81960767185146,0,3,0.0663290152857909,-0.312971091418823,0
"127",1,1,0.00465463921440876,-3.24042397604965,0,3,0.0663290152857909,1.65975718670579,0
"128",1,1,0.017032913396549,-1.42135968552079,0,3,0.0663290152857909,1.09180321405245,0
"129",0,1,0.0463845724917956,-0.913599538895535,0,3,0.0663290152857909,1.4480723027599,0
"130",0,0,0.00643719770498831,-3.51894754166772,0,2,0.0663290152857909,1.54408358961439,0
"131",0,1,0.063598309782434,-3.05397343645854,0,3,0.0663290152857909,2.62077741312665,0
"132",1,1,0.0663290152857909,-0.901466937715927,0,1,0.0663290152857909,2.32129102724655,1
"133",1,0,0.055546435570375,-2.73549518812568,0,2,0.0663290152857909,0.902158275910034,0
"134",0,0,0.00535044292884892,-1.67881557206539,0,2,0.0663290152857909,1.38423353876926,0
"135",0,1,0.0184935813402751,-2.68592619338668,0,3,0.0663290152857909,1.77504187525403,0
"136",0,0,0.0495385228129809,-2.00983330735846,1,3,0.0663290152857909,1.40644812926924,0
"137",0,1,0.0663290152857909,-1.88203717110412,0,4,0.0663290152857909,0.973216866115521,1
"138",0,0,0.000915699164234369,-3.88879422446693,0,5,0.0663290152857909,2.34105965354093,0
"139",0,1,0.0512687473145639,-2.93151047106651,0,3,0.0663290152857909,1.74490926583549,0
"140",1,1,0.0597697733896111,-4.46401877829511,0,2,0.0663290152857909,0.553331114290079,0
"141",1,1,0.0116526189727071,-3.471628766016,0,7,0.0663290152857909,0.263169653812784,0
"142",0,0,0.0528812261930516,-4.64251619909588,0,4,0.0663290152857909,0.149426590646566,0
"143",0,0,0.0663290152857909,-3.90588502835572,0,3,0.0663290152857909,-0.340074108196151,1
"144",1,0,0.0663290152857909,-2.15087101094419,0,0,0.0663290152857909,1.65827785258889,1
"145",0,0,0.0580450286427772,-3.54467821341488,0,1,0.0663290152857909,0.643645063627914,0
"146",1,1,0.00943039359124496,-0.294308152361653,0,3,0.0663290152857909,1.04944173637386,0
"147",1,1,0.017889888639333,-3.36088964384418,0,3,0.0663290152857909,-0.0853411417150445,0
"148",0,1,0.00656735570357987,-2.61812764545465,0,3,0.0663290152857909,1.03665284975471,0
"149",0,0,0.0224223931245995,-3.55965430839649,0,2,0.0663290152857909,-1.62360197868805,0
"150",0,1,0.0279131412626206,-2.76649819967501,0,6,0.0663290152857909,-1.14731284787526,0
"151",0,1,0.0663290152857909,-1.73385428172222,0,3,0.0663290152857909,2.09248362628828,1
"152",1,0,0.0236736665235138,-3.74846437139486,0,3,0.0663290152857909,-0.684342326005423,0
"153",0,0,0.0389097182141529,-4.34347323676595,0,1,0.0663290152857909,0.49355458231845,0
"154",0,0,0.0554184262245362,-3.18116086120558,0,1,0.0663290152857909,-0.290001554768802,0
"155",1,1,0.0593318562531856,-1.49656485513637,0,1,0.0663290152857909,0.339638302991746,0
"156",1,1,0.0134492066232543,-2.35414603117753,0,1,0.0663290152857909,1.11115643968093,0
"157",1,1,0.0663290152857909,-4.0875494516781,0,1,0.0663290152857909,2.68818175565717,1
"158",1,1,0.0663290152857909,-4.18947493966611,0,2,0.0663290152857909,2.44194949317356,1
"159",0,0,0.058834543964866,-3.98489571261454,0,6,0.0663290152857909,1.20781568651841,0
"160",1,1,0.0663290152857909,-2.52217468403338,0,3,0.0663290152857909,0.464630632032737,1
"161",1,1,0.0336312406749158,-0.729867663020439,0,1,0.0663290152857909,1.25220396628038,0
"162",0,0,0.0663290152857909,-4.2173393855771,0,6,0.0663290152857909,0.0315036942675353,1
"163",0,1,0.023157582422217,-2.67527867826176,0,5,0.0663290152857909,1.05195200212973,0
"164",0,0,0.0596944691258152,-1.24657043390157,0,3,0.0663290152857909,2.27258297611879,0
"165",0,0,0.0331996438628316,-4.62810812228456,0,4,0.0663290152857909,0.53244108863217,0
"166",0,0,0.0246867536445183,-2.88269656858188,0,6,0.0663290152857909,0.464074637533596,0
"167",0,1,0.0654235072347544,-3.22440576746055,0,2,0.0663290152857909,1.83152185743598,0
"168",1,1,0.0494327825089624,-1.64145566912548,0,2,0.0663290152857909,1.35501918333876,0
"169",1,1,0.0663290152857909,-1.30651144235454,0,0,0.0663290152857909,1.45203896668906,1
"170",1,0,0.0663290152857909,-3.46851059585387,0,3,0.0663290152857909,1.87951337762274,1
"171",0,1,0.0650590291922284,-3.10688566710988,0,1,0.0663290152857909,0.891598793188946,0
"172",0,0,0.0663290152857909,-3.41378795964929,0,2,0.0663290152857909,-1.43812101154228,1
"173",0,1,0.00443016662099223,-3.61990143780266,0,6,0.0663290152857909,1.73551489809107,0
"174",1,0,0.0663290152857909,-4.25171620474173,0,4,0.0663290152857909,-0.468443019480772,1
"175",1,1,0.0663290152857909,-3.05212264888465,0,3,0.0663290152857909,1.37719494310449,1
"176",0,1,0.00762499673183529,-2.57154151818203,0,3,0.0663290152857909,1.66456538417196,0
"177",1,1,0.0663290152857909,-4.69120517733283,0,4,0.0663290152857909,0.944935502426351,1
"178",1,1,0.0663290152857909,-2.41689193512975,0,3,0.0663290152857909,1.16962061559179,1
"179",0,1,0.0663290152857909,-0.939998490793238,0,1,0.0663290152857909,2.19910884290301,1
"180",1,1,0.0198187544056162,-3.34121416827959,0,3,0.0663290152857909,1.82960764538587,0
"181",0,1,0.00372083347939671,-2.53947149740433,0,5,0.0663290152857909,2.29993164222625,0
"182",1,0,0.0663290152857909,-3.15644823736926,0,3,0.0663290152857909,-0.280878580780751,1
"183",1,0,0.0460303889840361,-2.14053121134044,0,4,0.0663290152857909,0.0644005564654495,0
"184",1,1,0.0310105872154557,-2.26968842363044,0,1,0.0663290152857909,1.36737766457065,0
"185",0,0,0.0663290152857909,-4.35242378181381,0,2,0.0663290152857909,0.989692368938871,1
"186",0,1,0.0390097149032881,-0.647503767430082,0,4,0.0663290152857909,0.409786003739024,0
"187",0,1,0.0320241724845913,-3.37457999063534,0,0,0.0663290152857909,1.92521813917168,0
"188",0,0,0.0383412683123235,-2.22058064366775,0,1,0.0663290152857909,0.906005686619258,0
"189",0,0,0.0652795784583623,-3.13845829336778,0,1,0.0663290152857909,1.97894834754809,0
"190",1,0,0.065005854276262,-3.68033732689467,0,3,0.0663290152857909,0.101322482734669,0
"191",1,1,0.000861571407989948,-4.14026900536841,0,2,0.0663290152857909,1.23730642261368,0
"192",0,0,0.0251019859075903,-2.67722075796282,0,5,0.0663290152857909,0.292101907358998,0
"193",0,1,0.0429071327651355,-2.28549515949161,0,0,0.0663290152857909,-0.30499744077998,0
"194",1,1,0.0213128334368082,-3.06349510108425,0,3,0.0663290152857909,1.82737670462134,0
"195",1,0,0.0174565077329481,-3.63777036442804,0,4,0.0663290152857909,1.58214390987106,0
"196",0,1,0.0663290152857909,-1.62477151785792,0,4,0.0663290152857909,-0.357305858200426,1
"197",0,1,0.0190837188018028,-3.16945344133349,0,5,0.0663290152857909,1.31886754723121,0
"198",0,0,0.0625558895212534,-3.20218074688848,0,4,0.0663290152857909,0.737257907836111,0
"199",0,0,0.00690932517366844,-2.94925022928289,0,4,0.0663290152857909,-0.184009370008407,0
"200",1,1,0.0663290152857909,-4.62883445397975,0,3,0.0663290152857909,1.18725270319228,1
"201",0,0,0.0100070788191282,-4.67868802886469,0,1,0.0663290152857909,1.50714218123247,0
"202",1,0,0.0165626542409527,-3.7348427379171,0,4,0.0663290152857909,1.05567986853354,0
"203",1,1,0.0108247319475702,-4.31602146045337,0,0,0.0663290152857909,2.37968516606831,0
"204",1,1,0.0463531482538366,-3.10056441073414,0,2,0.0663290152857909,1.89061546646119,0
"205",0,0,0.0132667679092351,-4.16552354771056,0,2,0.0663290152857909,-0.477299932168281,0
"206",1,1,0.0188951534997614,-1.2947171787739,0,3,0.0663290152857909,3.00907700785086,0
"207",1,1,0.0553533560280057,-2.79408113195716,0,3,0.0663290152857909,1.90517439127773,0
"208",1,1,0.0427657873417497,-2.91854206452426,0,1,0.0663290152857909,1.62971657988873,0
"209",0,1,0.0663290152857909,-3.43563964764438,0,1,0.0663290152857909,2.28058689176964,1
"210",0,0,0.000269514343957064,-2.47915221250346,0,4,0.0663290152857909,-0.39641750957002,0
"211",0,0,0.00457446889455959,-2.85782547053888,0,0,0.0663290152857909,1.07787831598942,0
"212",1,1,0.0310073689840717,-3.1536691976174,0,3,0.0663290152857909,-0.727442891029016,0
"213",0,1,0.0188587707511746,-4.38264039898781,0,3,0.0663290152857909,1.77140498390348,0
"214",0,1,0.0663290152857909,-5.15089246769167,0,1,0.0663290152857909,1.156374667683,1
"215",0,1,0.0663290152857909,-3.56724313333964,1,3,0.0663290152857909,0.487621136481614,1
"216",1,0,0.0663290152857909,-2.38639371017412,0,2,0.0663290152857909,1.25985225694846,1
"217",1,0,0.0428413144930658,-4.19853172017025,0,2,0.0663290152857909,2.2016580026661,0
"218",1,1,0.00955200166193589,-2.63819710192297,0,5,0.0663290152857909,1.43537104418225,0
"219",0,0,0.0109662706152115,-1.9751677998958,0,5,0.0663290152857909,1.32379546496462,0
"220",0,1,0.0448973071571759,-4.24543728978952,0,3,0.0663290152857909,2.1124682540694,0
"221",0,1,0.0663290152857909,-3.03460739667389,0,4,0.0663290152857909,3.38753602117916,1
"222",0,0,0.0663290152857909,-1.89784008084593,0,0,0.0663290152857909,1.7382869833849,1
"223",1,0,0.0663290152857909,-3.39566548026148,0,4,0.0663290152857909,0.0991357028059831,1
"224",1,0,0.0277388807824623,-3.39056859791626,0,4,0.0663290152857909,1.75794078720755,0
"225",0,1,0.0623840558462851,-4.47751426639624,0,4,0.0663290152857909,2.30725727134318,0
"226",1,1,0.0364436302335393,-2.44022221958352,0,5,0.0663290152857909,1.44686349111302,0
"227",0,0,0.0399411129549377,-4.07945762247307,1,3,0.0663290152857909,0.148770553012495,0
"228",0,0,0.0216236301474179,-1.18235371041259,0,4,0.0663290152857909,-0.04794725953093,0
"229",0,1,0.0457905717867974,-3.60051279770158,0,0,0.0663290152857909,1.00399375667994,0
"230",0,0,0.0579259402647328,-4.46560099794336,0,3,0.0663290152857909,-0.419584216094098,0
"231",0,0,0.0663290152857909,-3.27027662507561,0,2,0.0663290152857909,1.49549206185612,1
"232",0,0,0.00895487287636132,-5.20599142943109,0,1,0.0663290152857909,1.9642948452808,0
"233",1,1,0.00736058969954024,-2.66026716193642,0,3,0.0663290152857909,1.5147351254057,0
"234",1,0,0.00237398947158143,-2.70916548039296,0,4,0.0663290152857909,-0.110709969750667,0
"235",0,1,0.0663290152857909,-2.21943217258629,0,3,0.0663290152857909,0.707532664000804,1
"236",0,1,0.0071838699713039,-3.07595703627339,0,2,0.0663290152857909,2.92401988146109,0
"237",0,0,0.0165495880055059,-2.95701695123627,0,1,0.0663290152857909,-1.36071369886527,0
"238",1,1,0.0663290152857909,-3.78570136140043,0,6,0.0663290152857909,0.574560259657369,1
"239",1,1,0.0663290152857909,-1.8977921765451,1,2,0.0663290152857909,0.800187136664395,1
"240",1,0,0.0174989193455091,-4.11827241826318,0,5,0.0663290152857909,2.08127715780212,0
"241",0,0,0.00415042630264948,-3.30281513036701,0,3,0.0663290152857909,0.419149753274829,0
"242",1,1,0.0209258410246474,-2.72723337873102,0,1,0.0663290152857909,0.788260760967181,0
"243",1,1,0.0290981646998113,-2.73588699604995,0,1,0.0663290152857909,0.587642290263106,0
"244",1,0,0.0663290152857909,-2.94147005249017,0,3,0.0663290152857909,1.39546279739038,1
"245",0,0,0.0559519161128964,-2.55216229206188,0,2,0.0663290152857909,-0.337176668866409,0
"246",1,0,0.0663290152857909,-2.26817165401467,0,1,0.0663290152857909,3.31131788765912,1
"247",1,0,0.00507519048885444,-4.96618551352808,0,3,0.0663290152857909,0.649508971486585,0
"248",0,1,0.0584165027067425,-4.52744188534129,0,2,0.0663290152857909,0.678896676194559,0
"249",0,1,0.0663290152857909,-2.34523088625078,0,1,0.0663290152857909,0.571038407663931,1
"250",0,0,0.0213321664625233,-2.1887022574017,0,5,0.0663290152857909,0.770388739976069,0
"251",0,1,0.00385806360258774,-1.08053429358376,0,4,0.0663290152857909,0.944081984341095,0
"252",1,0,0.0147321100933532,-0.984773237440571,0,1,0.0663290152857909,0.627954559118881,0
"253",0,0,0.0663290152857909,-2.42964930753579,0,2,0.0663290152857909,1.47429996960377,1
"254",0,1,0.0502230683949947,-2.94261452633486,0,2,0.0663290152857909,0.938295367448319,0
"255",1,0,0.0100584659742386,-3.07448223388148,0,6,0.0663290152857909,-1.1276890675566,0
"256",1,1,0.0230743102390656,-1.51431751917535,0,3,0.0663290152857909,-0.0022370580776534,0
"257",0,0,0.0663290152857909,-2.18934473861068,0,2,0.0663290152857909,0.482195483561851,1
"258",0,1,0.0583871696251737,-2.48741859169353,0,0,0.0663290152857909,3.21020974720753,0
"259",1,0,0.0663290152857909,-1.51172515259277,0,1,0.0663290152857909,1.32498443654835,1
"260",1,1,0.0504214445855115,-2.51012487095222,0,3,0.0663290152857909,-0.276808861464502,0
"261",0,1,0.0663290152857909,-4.04884486553875,0,0,0.0663290152857909,3.07862633226923,1
"262",1,0,0.0356296188274156,-1.56608598789495,0,3,0.0663290152857909,1.55091884622343,0
"263",0,0,0.0319694848045205,-3.66823147371002,0,3,0.0663290152857909,3.01048046843714,0
"264",1,0,0.0663290152857909,-2.62165945806318,0,2,0.0663290152857909,0.712424098477068,1
"265",1,0,0.00802059484350991,-2.42551561155108,1,3,0.0663290152857909,1.48150576479089,0
"266",1,0,0.0241287979575361,-2.73900385577566,0,4,0.0663290152857909,-0.378522511344509,0
"267",0,0,0.00126397137996347,-2.86046573225619,0,2,0.0663290152857909,1.92291053749804,0
"268",0,0,0.00938496922874928,-4.80821525975935,0,6,0.0663290152857909,0.18030918158299,0
"269",1,1,0.0663290152857909,-2.33641803037598,0,3,0.0663290152857909,0.350560134671356,1
"270",1,1,0.0447919285761074,-2.04997082238304,0,3,0.0663290152857909,2.48910437536459,0
"271",1,0,0.0226827588293237,-3.03168393915158,0,5,0.0663290152857909,0.0587851559432484,0
"272",1,0,0.0663290152857909,-3.46578172874866,0,5,0.0663290152857909,-0.174004945402223,1
"273",0,0,0.0663290152857909,-2.86162760186995,0,5,0.0663290152857909,1.79311193192375,1
"274",0,0,0.0255279181103235,-4.06651982785915,0,3,0.0663290152857909,0.20391651768378,0
"275",1,1,0.0285359687742762,-3.86180045733584,0,2,0.0663290152857909,1.98944781384063,0
"276",1,0,0.0154602764674071,-2.94368099728118,0,1,0.0663290152857909,3.10720293663235,0
"277",0,0,0.00616107099664376,-2.97376694987586,0,5,0.0663290152857909,2.82730701095087,0
"278",0,1,0.0249240179923591,-2.23585639070053,0,2,0.0663290152857909,1.39277789676474,0
"279",1,1,0.0663290152857909,-3.84460787628279,0,3,0.0663290152857909,0.904344478765662,1
"280",0,1,0.0663290152857909,-0.95839712870732,0,5,0.0663290152857909,1.74032816059999,1
"281",0,1,0.0663290152857909,-1.55422195145947,0,1,0.0663290152857909,2.13531064025272,1
"282",0,1,0.0167139219564311,-3.81270125760073,1,3,0.0663290152857909,1.79343351480763,0
"283",0,0,0.00248386588597781,-3.47431347213669,0,4,0.0663290152857909,1.75687731031835,0
"284",0,0,0.00480596380685918,-2.33641233144247,0,4,0.0663290152857909,0.686825176255998,0
"285",0,1,0.0423757870901494,-1.81879457192068,0,1,0.0663290152857909,-1.49278859509861,0
"286",1,0,0.0228383809713457,-2.86998233499914,0,0,0.0663290152857909,0.92494740345287,0
"287",1,1,0.0299552091198197,-3.40472217395767,0,4,0.0663290152857909,0.07268304598311,0
"288",1,1,0.0271064187643142,-4.55224127697317,0,2,0.0663290152857909,2.23482119102825,0
"289",0,0,0.0663290152857909,-3.90149458177818,0,2,0.0663290152857909,1.18331357642188,1
"290",0,1,0.00398473912669674,-3.01098037526362,0,2,0.0663290152857909,1.83836598805971,0
"291",0,1,0.00333499537611264,-4.29160049517761,0,7,0.0663290152857909,1.67062856420808,0
"292",1,0,0.0279956909337163,-2.26892660365517,0,3,0.0663290152857909,-0.364060462964412,0
"293",0,1,0.029802737278311,-3.01491223457052,0,3,0.0663290152857909,1.66527341112018,0
"294",1,1,0.0663290152857909,-2.46842867481152,0,3,0.0663290152857909,1.72622262963152,1
"295",0,0,0.0292678668770936,-3.77785654602722,0,3,0.0663290152857909,1.29374249209711,0
"296",0,0,0.013908105003589,-3.18469552461316,0,4,0.0663290152857909,0.0652210681521336,0
"297",1,1,0.0663290152857909,-1.33826363660969,0,3,0.0663290152857909,2.2484769605738,1
"298",1,1,0.0247896056791715,-4.90791615767007,0,2,0.0663290152857909,-0.689706357441836,0
"299",0,1,0.0113154621778934,-3.60948379752411,0,2,0.0663290152857909,2.48237729124752,0
"300",0,0,0.0135514096027088,-4.64366678423687,0,2,0.0663290152857909,2.0912432707122,0
"301",1,0,0.0663290152857909,-3.73826611878824,0,2,0.0663290152857909,0.684481950998324,1
"302",1,0,0.0663290152857909,-3.51151087867285,0,4,0.0663290152857909,2.87071838905989,1
"303",1,1,0.062413960195597,-1.7227816675758,0,1,0.0663290152857909,1.27678785918821,0
"304",1,1,0.0388745632341797,-3.66596140222168,0,4,0.0663290152857909,0.367696555582872,0
"305",0,0,0.0230704516091687,-3.23337691744326,0,1,0.0663290152857909,1.91838753516473,0
"306",1,0,0.0222129508442078,-2.8402809034928,0,3,0.0663290152857909,1.21063428243218,0
"307",0,1,0.000469540307488811,-2.38813847214228,0,3,0.0663290152857909,-0.914291401142478,0
"308",1,0,0.0648032213521409,-0.882408465872789,0,5,0.0663290152857909,0.707820047611173,0
"309",0,0,0.0597442303684796,-3.98183600299477,0,2,0.0663290152857909,-0.63636865770915,0
"310",1,1,0.0104371686172479,-1.7331752852865,0,2,0.0663290152857909,0.388804637111358,0
"311",0,0,0.0448773970640071,-3.73461534286404,1,3,0.0663290152857909,0.546547150266844,0
"312",1,1,0.0663290152857909,-2.9204155628548,0,3,0.0663290152857909,2.35751658980536,1
"313",0,0,0.0663290152857909,-2.60016194403341,0,6,0.0663290152857909,-0.473080813967577,1
"314",0,0,0.0663290152857909,-4.91613067420435,0,3,0.0663290152857909,1.10291768871515,1
"315",0,1,0.0176212018216363,-4.3503285903281,0,3,0.0663290152857909,1.19819367100896,0
"316",1,1,0.0663290152857909,-2.44471353061113,0,4,0.0663290152857909,0.560397462381946,1
"317",1,0,0.0447692057444784,-3.09170707485643,0,1,0.0663290152857909,0.255757366419082,0
"318",1,0,0.00383638092430732,-3.43499751721781,0,1,0.0663290152857909,1.74190764374384,0
"319",0,0,0.0452930828409534,-3.46782513385836,0,8,0.0663290152857909,1.47523696387143,0
"320",1,1,0.0457968071580381,-4.05140580217379,0,2,0.0663290152857909,1.24325624625191,0
"321",0,1,0.0190686432411539,-2.37809734494892,0,4,0.0663290152857909,1.26475620148305,0
"322",0,0,0.0663290152857909,-2.50692448195358,0,0,0.0663290152857909,2.64334853337131,1
"323",0,1,0.0648965483092276,-3.58499656242597,0,4,0.0663290152857909,1.98701157600548,0
"324",1,0,0.0270123574614403,-3.38405765659967,0,5,0.0663290152857909,0.653094413633427,0
"325",0,1,0.0114551372044171,-3.71832083651111,0,3,0.0663290152857909,0.852034051314472,0
"326",1,1,0.0663290152857909,-2.36478758671379,0,2,0.0663290152857909,0.725789246703853,1
"327",1,1,0.0124667258957592,-3.03146864458391,0,2,0.0663290152857909,2.23240127953478,0
"328",0,1,0.0620164298314566,-3.35604849566532,0,1,0.0663290152857909,0.592506541844108,0
"329",0,1,0.0244726131388104,-3.12428576095117,0,1,0.0663290152857909,-0.0916352011477932,0
"330",1,1,0.0531693422457657,-3.2144954406868,1,2,0.0663290152857909,1.5857255896106,0
"331",0,0,0.0563637256599294,-2.70974692830707,0,5,0.0663290152857909,1.97111724765181,0
"332",0,0,0.0663290152857909,-3.17259693780061,0,4,0.0663290152857909,1.68372320903433,1
"333",0,1,0.00434547458198712,-2.11480322640734,0,2,0.0663290152857909,2.04553733079749,0
"334",0,1,0.00760996850336693,-1.89627768986576,0,0,0.0663290152857909,1.16433896308014,0
"335",0,0,0.0513709467937645,-2.67938726801967,0,3,0.0663290152857909,-0.737320580619973,0
"336",0,1,0.0208471111529828,-2.60009802309304,0,5,0.0663290152857909,1.35953273643189,0
"337",0,1,0.0252329591900819,-3.08093227158148,0,6,0.0663290152857909,2.10408108961471,0
"338",0,0,0.0663290152857909,-3.05463884378302,0,1,0.0663290152857909,1.71508385481362,1
"339",1,1,0.0328626309350016,-2.64620689236297,0,3,0.0663290152857909,0.317105622330026,0
"340",1,1,0.0211679971828464,-2.36163669226401,0,3,0.0663290152857909,1.79207584104188,0
"341",1,0,0.0109028363874235,-2.97015221869137,0,1,0.0663290152857909,2.32257298873392,0
"342",0,0,0.0527021616722972,-3.72513456164996,0,3,0.0663290152857909,3.00552203123622,0
"343",0,1,0.0663290152857909,-3.20160254433751,0,1,0.0663290152857909,2.28551164464687,1
"344",0,1,0.0569406843939226,-1.88041104443425,0,6,0.0663290152857909,1.11705742495129,0
"345",0,0,0.00213282731523545,-2.01102311373927,0,2,0.0663290152857909,1.93496583119178,0
"346",0,1,0.0219610575523137,-2.50289217290522,0,2,0.0663290152857909,2.33301584467702,0
"347",1,1,0.00250990405742734,-2.27819232187945,0,6,0.0663290152857909,1.98153414220493,0
"348",1,1,0.00488342298980391,-2.8648395458,0,4,0.0663290152857909,1.65615116358211,0
"349",0,1,0.0111980983229197,-2.41740355404756,0,2,0.0663290152857909,2.00695897297731,0
"350",1,0,0.00518846341765087,-1.0098868684401,0,2,0.0663290152857909,-0.610829737144049,0
"351",0,0,0.0653334854261449,-3.21487597651329,0,6,0.0663290152857909,0.744106689269024,0
"352",0,1,0.0663290152857909,-2.49298760549472,0,0,0.0663290152857909,2.90817532604796,1
"353",1,0,0.0663290152857909,-3.29157175714206,0,2,0.0663290152857909,1.70154994958827,1
"354",0,1,0.0445097392454791,-2.65560508734143,0,4,0.0663290152857909,0.314304763099696,0
"355",0,1,0.00441045782544902,-4.13625938140934,0,6,0.0663290152857909,0.662372412826945,0
"356",0,0,0.0282716914737096,-4.21523116696917,0,7,0.0663290152857909,-0.0213916299765169,0
"357",1,0,0.0663290152857909,-3.96155733301534,0,3,0.0663290152857909,2.65062874384231,1
"358",0,0,0.0276014632652238,-3.1313818816206,0,4,0.0663290152857909,-0.751896850451178,0
"359",1,1,0.0554905848673223,-2.43863036164081,0,3,0.0663290152857909,2.8034927560555,0
"360",0,1,0.0663290152857909,-2.65345513734959,0,5,0.0663290152857909,-0.397658765058739,1
"361",0,0,0.0607120943311295,-4.20168894999116,0,5,0.0663290152857909,2.52467924796176,0
"362",0,1,0.0104202188454165,-3.07062150218563,0,1,0.0663290152857909,3.24495764844355,0
"363",1,0,0.031720102747459,-3.56072931380626,0,5,0.0663290152857909,1.4497268031019,0
"364",0,1,0.0663290152857909,-2.18900642750619,0,2,0.0663290152857909,1.14811403044176,1
"365",0,1,0.0508708613452091,-2.60514461897083,0,2,0.0663290152857909,0.692523696381697,0
"366",1,1,0.00323025748310796,-3.04106537378497,0,2,0.0663290152857909,2.37581351748527,0
"367",0,1,0.00100620471905786,-2.85490400261685,0,4,0.0663290152857909,2.55228217047824,0
"368",0,1,0.00533809627274576,-3.52439918154989,0,1,0.0663290152857909,0.958319481036965,0
"369",1,0,0.0663290152857909,-1.02166654215851,0,3,0.0663290152857909,0.0010365807099233,1
"370",1,1,0.0663290152857909,-2.30178697236777,0,4,0.0663290152857909,2.17391919096048,1
"371",1,0,0.0498043243303254,-3.92686076876973,0,0,0.0663290152857909,1.12937942228726,0
"372",0,0,0.02625916999909,-3.31448549294409,0,4,0.0663290152857909,0.919500461823283,0
"373",0,1,0.0116777232958041,-3.04117020225873,0,2,0.0663290152857909,1.24499355582778,0
"374",0,0,0.0602923006707999,-2.25752231240558,0,3,0.0663290152857909,0.532724352524591,0
"375",0,1,0.0274535327573472,-3.68053240466929,0,3,0.0663290152857909,1.04977373620624,0
"376",0,0,0.0354632804099656,-1.91759610504348,0,5,0.0663290152857909,4.09224985278403,0
"377",0,1,0.00345599998621608,-4.02975168671204,0,0,0.0663290152857909,2.00178522577454,0
"378",0,0,0.0590062692696178,-2.80070195677011,0,3,0.0663290152857909,0.534260520386922,0
"379",0,0,0.0343793710122104,-3.0387766280708,0,2,0.0663290152857909,1.50074806715032,0
"380",1,0,0.0652725921158912,-2.04085391072163,0,2,0.0663290152857909,-0.133949704838996,0
"381",0,0,0.0516600504595078,-2.6856331888595,0,2,0.0663290152857909,-0.297198244681585,0
"382",0,1,0.0612597919339068,-3.9515701805513,0,3,0.0663290152857909,0.108538588005835,0
"383",0,0,0.0121659707124746,-3.7363289523936,0,4,0.0663290152857909,0.342432271820198,0
"384",0,0,0.0663290152857909,-4.0487264831397,0,2,0.0663290152857909,0.731557421156596,1
"385",1,1,0.0222829090085711,-0.734448349440724,0,5,0.0663290152857909,-0.829474920113202,0
"386",0,0,0.0663290152857909,-3.729135283225,0,2,0.0663290152857909,1.22838024280066,1
"387",0,0,0.000932347165347435,-3.23591969458007,0,1,0.0663290152857909,1.69952972415047,0
"388",0,1,0.0663290152857909,-1.97384370124218,0,1,0.0663290152857909,2.28668631096084,1
"389",1,1,0.00987036308831069,-3.71439645557128,0,4,0.0663290152857909,-0.357606101154114,0
"390",1,1,0.00280083741961556,-3.01465466643602,0,2,0.0663290152857909,1.06648138376513,0
"391",0,1,0.00168071889063626,-3.41883213089216,0,2,0.0663290152857909,1.5621559944907,0
"392",0,1,0.0663290152857909,-2.91279948431406,0,6,0.0663290152857909,1.18039907289981,1
"393",1,1,0.0562577228419155,-1.75546022082718,0,3,0.0663290152857909,-0.884210240505736,0
"394",0,1,0.0442197440359904,-2.78250456504352,1,3,0.0663290152857909,3.34265853041893,0
"395",0,1,0.0663290152857909,-2.25577209789903,0,6,0.0663290152857909,1.81237770109891,1
"396",0,0,0.0566069543447803,-3.2821221592774,0,2,0.0663290152857909,0.964865723398849,0
"397",0,0,0.0237528295539387,-4.70292819127073,0,1,0.0663290152857909,0.113130803608103,0
"398",0,1,0.0224471347138582,-3.08244050261455,0,4,0.0663290152857909,1.46902319646598,0
"399",1,1,0.0441352517576536,-2.39840016548095,0,3,0.0663290152857909,2.70087403350642,0
"400",0,1,0.00862518514371046,-1.59977131856726,0,4,0.0663290152857909,2.67128661959526,0
"401",0,1,0.0663290152857909,-3.12261478100822,0,3,0.0663290152857909,1.17749925660654,1
"402",0,0,0.0535650097902563,-2.06186600345682,0,3,0.0663290152857909,0.496274579316512,0
"403",0,1,0.0489398437234931,-2.79676575487751,0,3,0.0663290152857909,1.10503104077397,0
"404",0,1,0.0663290152857909,-2.33334514127632,0,6,0.0663290152857909,-0.17915367076978,1
"405",1,1,0.0301049554536728,-2.66060290377224,0,4,0.0663290152857909,1.83689751873077,0
"406",0,1,0.0257527462916985,-1.99468489864659,0,1,0.0663290152857909,1.26117619656455,0
"407",1,0,0.000904453567235978,-1.50558422564608,0,1,0.0663290152857909,0.0190918338327117,0
"408",1,1,0.0494814197049105,-0.810513812797266,0,4,0.0663290152857909,3.23267628899915,0
"409",1,1,0.0335310419393668,-2.26682430508968,1,1,0.0663290152857909,0.414803356383974,0
"410",0,0,0.0663290152857909,-1.9239539438019,0,3,0.0663290152857909,0.0935079301494031,1
"411",0,0,0.0325184785423887,-2.94180778548877,0,2,0.0663290152857909,0.103564058439784,0
"412",1,1,0.0269098706722106,-3.41820632744452,0,1,0.0663290152857909,0.471080472308126,0
"413",0,1,0.0469217793438226,-2.89825246212183,0,6,0.0663290152857909,1.25919424365333,0
"414",1,0,0.0486718792175075,-2.59652059240066,0,3,0.0663290152857909,0.779690774573678,0
"415",0,1,0.0547002092934465,-1.8251097700385,0,0,0.0663290152857909,2.54042252449227,0
"416",1,1,0.0663290152857909,-2.40994636628344,0,5,0.0663290152857909,-0.24524964769156,1
"417",0,1,0.05273434147819,-0.5595516972122,0,2,0.0663290152857909,2.25356205655171,0
"418",1,1,0.0148920846949101,-1.92504973606366,0,2,0.0663290152857909,0.756670676970377,0
"419",1,1,0.0663290152857909,-1.82838838763825,0,6,0.0663290152857909,0.377259697854139,1
"420",1,1,0.0379679279789319,-3.92817756247425,0,4,0.0663290152857909,-0.0141699367381976,0
"421",1,1,0.033648438462389,-3.4089039393162,0,5,0.0663290152857909,0.948084915696996,0
"422",0,1,0.0663290152857909,-2.40351498149227,0,4,0.0663290152857909,0.102288952341695,1
"423",1,0,0.0663290152857909,-3.53134994320792,0,3,0.0663290152857909,0.0691262005561173,1
"424",1,0,0.0663290152857909,-2.8403651733907,0,5,0.0663290152857909,2.25176589221544,1
"425",0,0,0.0663290152857909,-3.04930594518005,0,0,0.0663290152857909,2.79996338971737,1
"426",0,0,0.0271246486837061,-3.97650093825307,0,2,0.0663290152857909,0.371595695503918,0
"427",0,1,0.0400630771771944,-1.97230340050721,0,6,0.0663290152857909,0.808711877029446,0
"428",1,0,0.000655114586156378,-3.19751330604077,0,3,0.0663290152857909,-0.242808719089512,0
"429",0,1,0.0616319997745294,-3.63354337134279,0,2,0.0663290152857909,0.806272860965999,0
"430",0,0,0.061236552683623,-4.8187064898935,1,1,0.0663290152857909,1.42947735070246,0
"431",1,1,0.0317232313603654,-3.47013048396338,0,3,0.0663290152857909,1.14342872598813,0
"432",0,1,0.0663290152857909,-2.73553799190325,0,4,0.0663290152857909,0.745054733335887,1
"433",0,0,0.0663290152857909,-3.14052367069364,0,4,0.0663290152857909,0.279486166883434,1
"434",0,0,0.0663290152857909,-2.97030847043425,0,1,0.0663290152857909,1.14550836174136,1
"435",0,1,0.0663290152857909,-3.48027876069175,0,4,0.0663290152857909,-0.928317707487871,1
"436",1,0,0.0411153814671904,-2.22690776158031,0,5,0.0663290152857909,0.213531212482886,0
"437",1,1,0.0663290152857909,-3.01887178939847,0,2,0.0663290152857909,1.79021355471568,1
"438",1,0,0.00265441297424002,-2.99446932359885,0,1,0.0663290152857909,0.254996666323436,0
"439",0,1,0.000251486961078656,-3.54535058289038,0,1,0.0663290152857909,-1.50261159936799,0
"440",1,0,0.00959450617561212,-3.21085778944404,0,4,0.0663290152857909,-0.5604590523748,0
"441",0,1,0.0182923190807083,-4.13444523858213,0,0,0.0663290152857909,2.52687963418945,0
"442",0,1,0.0663290152857909,-2.97071257013469,0,3,0.0663290152857909,2.86588805472114,1
"443",0,0,0.0290340531087172,-0.753991862471047,0,3,0.0663290152857909,-0.824446817272113,0
"444",1,0,0.00556505438681956,-2.31026532789242,0,2,0.0663290152857909,1.56402444217151,0
"445",0,0,0.0494466812246432,-3.07830549026708,0,3,0.0663290152857909,0.638382217201094,0
"446",1,1,0.0663290152857909,-3.09788770647225,0,1,0.0663290152857909,0.41569204169037,1
"447",0,1,0.0663290152857909,-2.08072386404756,0,2,0.0663290152857909,1.6090099208562,1
"448",0,0,0.000331594616770798,-4.69085889517926,0,7,0.0663290152857909,1.52778982817477,0
"449",1,1,0.0647139308800388,-2.73631829647106,0,2,0.0663290152857909,0.655116152618556,0
"450",0,1,0.0663290152857909,-2.71050402164568,0,5,0.0663290152857909,0.325780751594507,1
"451",0,1,0.0663290152857909,-4.03715833591968,0,1,0.0663290152857909,0.698551261273314,1
"452",0,0,0.0174974890035008,-2.37512066177896,0,7,0.0663290152857909,0.432478150720239,0
"453",1,1,0.0255965431404509,-2.59085725658848,0,4,0.0663290152857909,-0.512801592646238,0
"454",1,1,0.0629187588057129,-2.97151273868683,0,3,0.0663290152857909,2.18732203242639,0
"455",0,1,0.022534563882059,-1.33820577453984,0,4,0.0663290152857909,-0.27585562739646,0
"456",1,1,0.0663290152857909,-2.45649931923055,0,5,0.0663290152857909,0.325074577758222,1
"457",1,0,0.00234286071959724,-2.84949690306296,0,2,0.0663290152857909,0.57772139925333,0
"458",1,0,0.0542500884500774,-2.83824304692858,1,4,0.0663290152857909,-0.25696561510566,0
"459",0,0,0.0105676411799188,-2.68392788328242,0,2,0.0663290152857909,0.201121770478485,0
"460",0,1,0.0365924742329413,-2.8262859645341,1,2,0.0663290152857909,2.13770326225865,0
"461",1,1,0.0612097930293884,-5.11577223295725,0,1,0.0663290152857909,1.73652633101437,0
"462",1,0,0.0246015239418026,-3.60479713341709,0,2,0.0663290152857909,2.58524166628373,0
"463",1,1,0.00703372674402404,-3.22162939809189,0,1,0.0663290152857909,2.10283813365845,0
"464",1,1,0.0663290152857909,-2.93042218600668,0,1,0.0663290152857909,0.0174082375279367,1
"465",0,0,0.0225677125010229,-2.07531902182543,0,3,0.0663290152857909,1.83253012109788,0
"466",1,0,0.00356382325289322,-3.35311427202993,0,3,0.0663290152857909,-0.5691685002019,0
"467",0,1,0.0435608597166207,-4.45250714114023,0,4,0.0663290152857909,2.31768148756704,0
"468",0,1,0.0167823686999394,-2.99982087905448,0,4,0.0663290152857909,2.53415065479019,0
"469",0,0,0.0101731300795314,-2.88727299850974,0,1,0.0663290152857909,0.975867855719304,0
"470",0,0,0.0396003178373362,-2.94514014909559,0,1,0.0663290152857909,0.390348130159229,0
"471",0,1,0.0663290152857909,-3.23219318219208,0,4,0.0663290152857909,1.1116360952331,1
"472",0,1,0.034278348257407,-2.34305914601753,0,3,0.0663290152857909,1.38268139398952,0
"473",0,0,0.0283140159416863,-3.35344734073358,0,1,0.0663290152857909,0.0492803034072065,0
"474",0,1,0.0288080373175673,-1.25264571385205,1,3,0.0663290152857909,2.28754673401765,0
"475",1,1,0.00193017063169517,-3.71810928021126,0,2,0.0663290152857909,1.8580569257251,0
"476",1,0,0.00106549206224885,-2.78795803250137,0,2,0.0663290152857909,1.98272536216028,0
"477",1,0,0.027526039599064,-2.69073192034977,0,3,0.0663290152857909,0.684630948427113,0
"478",1,1,0.0412376444570294,-2.23309843151855,0,2,0.0663290152857909,1.03246129132574,0
"479",0,1,0.0298976234582647,-6.19598649764733,0,3,0.0663290152857909,1.7910368052548,0
"480",0,0,0.0258122460690752,-3.67673980410497,0,4,0.0663290152857909,1.33949663114232,0
"481",0,1,0.0613036328295557,-3.43707243538875,0,0,0.0663290152857909,1.94460467703635,0
"482",0,0,0.0161372229306278,-2.05468487624668,0,4,0.0663290152857909,1.56879275467749,0
"483",1,0,0.0663290152857909,-2.3019475285852,0,1,0.0663290152857909,1.25841679239521,1
"484",0,1,0.00361214140592123,-3.68751463722192,0,4,0.0663290152857909,0.771929840958328,0
"485",0,1,0.0102197495609018,-2.86075244645989,0,6,0.0663290152857909,1.31038951225983,0
"486",0,0,0.0663290152857909,-1.37928104486963,0,2,0.0663290152857909,-0.607878772775327,1
"487",0,1,0.00693648465190855,-2.43061587112152,0,5,0.0663290152857909,0.102589752969791,0
"488",1,0,0.024989247587564,-3.85916508018974,0,2,0.0663290152857909,1.85569562723564,0
"489",1,0,0.0663290152857909,-3.32835824082381,0,7,0.0663290152857909,-0.962062568828849,1
"490",0,0,0.0663290152857909,-3.3976247579716,0,1,0.0663290152857909,1.94872096503512,1
"491",1,0,0.0184766324219568,-4.05744876574229,0,2,0.0663290152857909,1.10405399655551,0
"492",0,0,0.0394369249774254,-4.46179230845716,0,4,0.0663290152857909,-0.0442572814595312,0
"493",0,1,0.00481923389432892,-2.19627238290758,0,0,0.0663290152857909,1.7095200903182,0
"494",0,0,0.0103906210855594,-3.79737932586265,0,1,0.0663290152857909,1.17529332651918,0
"495",0,0,0.0663290152857909,-2.59265926901566,0,4,0.0663290152857909,-0.058469720516019,1
"496",0,0,0.0322496758461039,-0.972166960241154,0,5,0.0663290152857909,0.319346352793634,0
"497",0,0,0.0513661295525731,-2.14875715765743,0,6,0.0663290152857909,-0.014676949986498,0
"498",0,0,0.0526919801176247,-3.4856638923052,0,4,0.0663290152857909,3.33661525391031,0
"499",1,1,0.0562869963128339,-2.25483910417412,0,5,0.0663290152857909,-0.171450026125463,0
"500",0,0,0.0244588486381927,-4.64061033137646,0,3,0.0663290152857909,-1.14142765964586,0
"501",0,0,0.00907262740934565,-4.45317759542662,0,1,0.0663290152857909,2.09765014246608,0
"502",1,0,0.0225868041988658,-2.09661051901444,1,3,0.0663290152857909,2.18103650070068,0
"503",0,1,0.0156456350785634,-3.05022599029752,0,3,0.0663290152857909,1.58751068066623,0
"504",0,1,0.04403989546782,-0.56643322581556,0,1,0.0663290152857909,2.07617257820323,0
"505",0,1,0.0156724351191581,-2.3912729420967,0,4,0.0663290152857909,2.13665290090847,0
"506",0,0,0.0663290152857909,-4.03368774292572,0,5,0.0663290152857909,1.76029266077947,1
"507",1,0,0.0315332209494842,-3.80420703611814,0,3,0.0663290152857909,1.14714239836748,0
"508",0,1,0.0143448872322983,-3.34807420997315,0,5,0.0663290152857909,2.06645339140338,0
"509",1,1,0.00217133046552532,-2.54699994245065,0,3,0.0663290152857909,0.575864991292663,0
"510",0,0,0.0215870741503604,-3.6289412918818,0,5,0.0663290152857909,0.624968723025537,0
"511",0,0,0.0101327224757785,-2.86615439674991,0,3,0.0663290152857909,-0.051459917306806,0
"512",0,1,0.0290949070741928,-4.13028720608059,0,3,0.0663290152857909,-0.288383456543135,0
"513",0,0,0.0519501368676004,-1.69907435251196,0,4,0.0663290152857909,1.52304436188275,0
"514",0,1,0.0166149178614569,-2.61436881727449,0,0,0.0663290152857909,0.918950970643785,0
"515",1,1,0.000962012282177292,-3.51295931482286,0,3,0.0663290152857909,-0.0746804719749641,0
"516",0,1,0.0663290152857909,-4.16608923803322,0,4,0.0663290152857909,1.42944292750789,1
"517",0,1,0.0169770688639205,-2.71437383950677,0,4,0.0663290152857909,0.801488681772738,0
"518",0,1,0.0663290152857909,-2.01740338970303,0,4,0.0663290152857909,0.283615092408195,1
"519",0,0,0.0663290152857909,-3.35022542671429,0,3,0.0663290152857909,0.696469124874594,1
"520",1,1,0.0663290152857909,-4.17125599854478,0,1,0.0663290152857909,0.737608091924155,1
"521",0,1,0.034610212457878,-4.4121928389115,0,9,0.0663290152857909,1.03912518221339,0
"522",1,1,0.0663290152857909,-3.11163903668329,0,3,0.0663290152857909,1.06258531405203,1
"523",1,0,0.0663290152857909,-1.9741137070075,0,5,0.0663290152857909,1.55631099073041,1
"524",1,1,0.00475126941166397,-3.31154990451987,1,4,0.0663290152857909,0.882758620033848,0
"525",0,0,0.0663290152857909,-1.61788937473866,0,4,0.0663290152857909,0.428020498617561,1
"526",0,0,0.00535529166920701,-1.98554016549761,0,5,0.0663290152857909,1.27348169575633,0
"527",1,1,0.0526526825504557,-1.64191960178892,0,4,0.0663290152857909,0.162800257503444,0
"528",1,1,0.0550573729872497,-1.81742020948406,0,2,0.0663290152857909,0.836598229845132,0
"529",1,1,0.0604405260192,-1.49064519793212,0,6,0.0663290152857909,1.52891889480175,0
"530",0,1,0.0265742071307483,-3.17203048825214,0,3,0.0663290152857909,0.496524228559438,0
"531",1,1,0.0663290152857909,-2.26176222350422,0,4,0.0663290152857909,2.22758487302991,1
"532",1,1,0.0419525197437992,-3.04901267059447,0,4,0.0663290152857909,0.202937354026509,0
"533",1,1,0.045728893679992,-3.48465261206959,0,2,0.0663290152857909,1.18140440126168,0
"534",1,1,0.010808780725482,-5.25944928719829,0,2,0.0663290152857909,0.130209186203056,0
"535",0,0,0.0600962070136659,-3.42408864226815,0,4,0.0663290152857909,-0.385373746507867,0
"536",0,0,0.00826689967539166,-2.09559491237498,0,1,0.0663290152857909,0.487394756994173,0
"537",0,0,0.00938031585176379,-3.26152715801591,0,2,0.0663290152857909,2.12095679875579,0
"538",1,0,0.0663290152857909,-3.11726162707446,0,2,0.0663290152857909,0.845621333354975,1
"539",1,1,0.0430090613345742,-2.57664981200212,0,5,0.0663290152857909,0.642502209766767,0
"540",1,0,0.00627940739607979,-4.2635015118702,0,4,0.0663290152857909,2.23648319682949,0
"541",1,0,0.0319222944275606,-1.77996170031409,0,4,0.0663290152857909,1.75350951350757,0
"542",1,0,0.0543488811493745,-3.33125762252556,0,4,0.0663290152857909,1.92059392797074,0
"543",1,1,0.0663290152857909,-1.4711065488298,0,3,0.0663290152857909,1.67157445191191,1
"544",1,1,0.0663290152857909,-2.15360601210546,0,4,0.0663290152857909,1.33567503962401,1
"545",1,0,0.0613977232903428,-1.98034074394969,0,2,0.0663290152857909,0.65471619182121,0
"546",1,1,0.0663290152857909,-2.12695531857519,0,5,0.0663290152857909,1.42655216139556,1
"547",0,0,0.0663290152857909,-3.71879358527356,0,3,0.0663290152857909,-0.226082270047739,1
"548",0,0,0.0116310319771059,-2.2042277724294,0,3,0.0663290152857909,0.961728271510622,0
"549",1,1,0.0663290152857909,-3.33408705020665,0,2,0.0663290152857909,1.4073490566353,1
"550",1,0,0.00526602837617419,-1.56087027540299,0,2,0.0663290152857909,1.4295371235826,0
"551",0,0,0.0113327982639367,-2.9619408925978,0,2,0.0663290152857909,0.963634769390316,0
"552",1,0,0.0095829747149591,-4.72111619065912,0,3,0.0663290152857909,-0.491181341024896,0
"553",0,1,0.0291128444238326,-1.11546795016,0,3,0.0663290152857909,1.33547187075316,0
"554",1,1,0.0663290152857909,-3.58440270629232,0,7,0.0663290152857909,1.83351542768975,1
"555",0,0,0.0326591155074754,-2.78957131583603,0,3,0.0663290152857909,2.37247410731054,0
"556",1,0,0.0663290152857909,-3.08149195158916,0,3,0.0663290152857909,-0.253123206251335,1
"557",1,0,0.0663290152857909,-3.91273447322099,0,5,0.0663290152857909,1.02135767937963,1
"558",0,1,0.0337718894174488,-2.93063041501114,0,3,0.0663290152857909,1.31027789740541,0
"559",0,0,0.0663290152857909,-3.00890803730397,0,5,0.0663290152857909,1.72343227991323,1
"560",0,1,0.00955907775622383,-4.11155905550418,0,1,0.0663290152857909,0.965886679263537,0
"561",1,1,0.0215798202357705,-3.89907552419668,0,2,0.0663290152857909,1.16840385291024,0
"562",0,0,0.0436168837305211,-3.19117787937295,0,4,0.0663290152857909,1.45738046773175,0
"563",1,0,0.00855510635921693,-4.63981558863089,0,2,0.0663290152857909,1.21319106318534,0
"564",1,0,0.0233512402221561,-3.87890247855687,0,3,0.0663290152857909,-1.9962631949999,0
"565",1,0,0.0663290152857909,-2.80100655634345,0,5,0.0663290152857909,0.959327453744903,1
"566",0,0,0.0422807596833089,-3.57346079853412,0,6,0.0663290152857909,1.27938928272378,0
"567",1,0,0.0663290152857909,-3.58079680214945,0,3,0.0663290152857909,1.92113143942101,1
"568",0,0,0.033935839688481,-1.59608982911192,0,1,0.0663290152857909,0.165107765622416,0
"569",1,0,0.0372142909388379,-2.20147362724243,0,1,0.0663290152857909,2.13145224820712,0
"570",1,1,0.0130577290946188,-3.04706007904585,0,1,0.0663290152857909,0.0512279176871792,0
"571",0,1,0.0168328604343629,-0.804896797065537,0,6,0.0663290152857909,2.39150094262967,0
"572",0,1,0.0047369772801006,-2.96413298870088,0,5,0.0663290152857909,0.704852166443905,0
"573",1,1,0.00911150664125086,-4.06069000564632,0,4,0.0663290152857909,1.5060651861311,0
"574",0,1,0.0663290152857909,-3.50195671101982,0,4,0.0663290152857909,3.90644023812446,1
"575",0,0,0.049240910901632,-0.0728964424001819,0,3,0.0663290152857909,1.03188405560306,0
"576",0,0,0.00656977537022447,-3.94315301319575,0,0,0.0663290152857909,0.144766548428206,0
"577",1,0,0.0169096482985815,-0.188564244071057,0,2,0.0663290152857909,1.75421152042141,0
"578",0,1,0.00296954848501689,-1.53518351712818,0,1,0.0663290152857909,2.03929397134349,0
"579",1,0,0.0663290152857909,-3.81634419174338,0,4,0.0663290152857909,3.41577011581735,1
"580",0,1,0.0663290152857909,-3.44742996550708,0,3,0.0663290152857909,2.49554346816152,1
"581",1,1,0.0249468748335075,-1.855666836662,0,5,0.0663290152857909,0.236312070773279,0
"582",1,0,0.042598954046614,-2.7307406394657,0,2,0.0663290152857909,1.30343190220804,0
"583",0,0,0.0663290152857909,-4.33037263166555,0,3,0.0663290152857909,1.43375988813592,1
"584",1,1,0.0455463761687929,-2.57856783613481,0,2,0.0663290152857909,0.979179474170907,0
"585",0,0,0.0342235765000885,-4.25767875834517,0,2,0.0663290152857909,-0.4917464170295,0
"586",1,0,0.0211313371452848,-2.51905168575647,0,4,0.0663290152857909,-1.35506096495555,0
"587",1,0,0.0458584079131843,-4.2358864298728,0,5,0.0663290152857909,1.64632726090054,0
"588",1,0,0.0228465984743054,-4.03718782126108,0,4,0.0663290152857909,1.41361077517266,0
"589",0,0,0.0663290152857909,-1.05838308133061,0,1,0.0663290152857909,1.85634658047659,1
"590",1,0,0.0663290152857909,-3.72886918822844,0,6,0.0663290152857909,-0.523595067325983,1
"591",0,1,0.0663290152857909,-4.48108896525456,0,1,0.0663290152857909,0.994392814765809,1
"592",0,1,0.0189632747039782,-5.62323441770401,0,2,0.0663290152857909,-0.316957909317367,0
"593",1,0,0.0324585986049338,-4.28433924445466,0,5,0.0663290152857909,0.991372828607674,0
"594",1,1,0.00937161898659068,-2.11666963318586,0,2,0.0663290152857909,0.969177618866337,0
"595",1,1,0.0041381968877472,-3.68262524297581,0,2,0.0663290152857909,-0.683841196117575,0
"596",1,0,0.0178915139221827,-2.42610133640471,0,4,0.0663290152857909,1.66372162158181,0
"597",1,0,0.0663290152857909,-3.58742274996936,0,5,0.0663290152857909,-0.651443502213195,1
"598",0,0,0.0663290152857909,-2.32353549251164,0,5,0.0663290152857909,1.53470433514113,1
"599",0,0,0.0663290152857909,-5.98042303201485,0,3,0.0663290152857909,1.21415531242881,1
"600",0,1,0.0257584199268463,-2.34885592616924,0,5,0.0663290152857909,1.68746282253803,0
"601",0,1,0.0351080884511379,-2.42588490944392,0,5,0.0663290152857909,1.18325445173152,0
"602",0,1,0.0183867124458461,-3.9269883546222,0,2,0.0663290152857909,-0.417395155889386,0
"603",0,1,0.0518810986311268,-3.03614226195746,0,0,0.0663290152857909,1.75473731935039,0
"604",0,1,0.0663290152857909,-3.47063927767807,0,3,0.0663290152857909,1.88884867205415,1
"605",0,0,0.0467273725335126,-3.32094069900124,0,4,0.0663290152857909,0.306072804991915,0
"606",1,0,0.0243799403551986,-2.35130514437737,0,4,0.0663290152857909,-0.859979945953661,0
"607",0,0,0.0663290152857909,-1.26320300683353,0,3,0.0663290152857909,1.346311411456,1
"608",0,1,0.0663290152857909,-3.51080758174516,0,2,0.0663290152857909,3.46767678969894,1
"609",1,1,0.0486951320732763,-2.91187391815805,0,1,0.0663290152857909,1.33369734969522,0
"610",0,0,0.0663290152857909,-4.08979933244489,0,4,0.0663290152857909,0.0189924682388675,1
"611",1,1,0.0567293901208409,-4.26256787570102,0,3,0.0663290152857909,-1.4588694616329,0
"612",0,1,0.0193018270114508,-0.947518087294538,0,5,0.0663290152857909,-1.30990612447463,0
"613",0,0,0.0663290152857909,-2.74484848516602,0,2,0.0663290152857909,2.09713502274987,1
"614",1,0,0.0454119242927307,-4.27866785482885,0,4,0.0663290152857909,1.30715075111781,0
"615",1,0,0.0618271123018518,-1.26123391889075,0,4,0.0663290152857909,-0.194051746803219,0
"616",0,0,0.0663290152857909,-2.32794905160337,1,1,0.0663290152857909,2.209815162214,1
"617",0,0,0.0176721216152465,-2.69404913131013,0,4,0.0663290152857909,2.40829003795977,0
"618",0,0,0.0518592804387991,-1.46033378732085,0,4,0.0663290152857909,1.93553482167175,0
"619",1,1,0.0663290152857909,-2.94238388122545,0,4,0.0663290152857909,1.52437593426014,1
"620",0,0,0.0495552287580091,-3.93862687608153,0,4,0.0663290152857909,0.187891195413207,0
"621",1,1,0.0241398402683051,-1.75112043566583,0,4,0.0663290152857909,-0.016293656290977,0
"622",1,0,0.0206504594000784,-1.52233314927433,0,4,0.0663290152857909,-0.481653669002157,0
"623",0,0,0.0408190345108274,-1.93849999871014,0,0,0.0663290152857909,2.46225764929432,0
"624",0,1,0.0414215477343435,-1.02885376320485,0,2,0.0663290152857909,2.47232966724161,0
"625",0,1,0.0663290152857909,-2.3938560653597,0,1,0.0663290152857909,2.01607288909315,1
"626",1,0,0.0663290152857909,-3.00078699347284,1,3,0.0663290152857909,-0.289029825674542,1
"627",0,1,0.0284975709880808,-1.15583444183912,0,2,0.0663290152857909,0.460800112406597,0
"628",1,1,0.0417530210130752,-2.49165392479153,0,4,0.0663290152857909,0.512620651605826,0
"629",0,0,0.00169080134031777,-4.8955325048045,0,5,0.0663290152857909,-0.158936183957897,0
"630",0,1,0.0663290152857909,-2.62632837600422,0,3,0.0663290152857909,1.31486634455835,1
"631",1,0,0.0663290152857909,-2.37179635817148,0,4,0.0663290152857909,1.30953710986738,1
"632",1,0,0.0232678109580448,-3.0750408602278,0,2,0.0663290152857909,0.0702452785069879,0
"633",0,0,0.0159531076448432,-4.83498286654269,0,3,0.0663290152857909,-0.0397501347962572,0
"634",0,1,0.00657185306520171,-2.3007143853041,0,3,0.0663290152857909,0.561886809954576,0
"635",0,1,0.0180222061551141,-2.60195380577844,0,2,0.0663290152857909,1.18794754508627,0
"636",0,1,0.0335291821030955,-3.20175264875597,0,3,0.0663290152857909,-0.966096998240067,0
"637",0,0,0.0296831810891192,-1.24961942190619,0,1,0.0663290152857909,0.0894615931000708,0
"638",1,1,0.0663290152857909,-2.26023151293501,0,2,0.0663290152857909,0.10589606085913,1
"639",1,1,0.00685771619742557,-3.617529462391,0,2,0.0663290152857909,-0.550994250241598,0
"640",0,0,0.0663290152857909,-2.29615689937044,0,3,0.0663290152857909,0.889813929371428,1
"641",0,1,0.0379438658984808,-4.23681188039736,0,6,0.0663290152857909,1.15621504186531,0
"642",1,1,0.0663290152857909,-1.85245876489589,0,3,0.0663290152857909,0.718724083986914,1
"643",1,1,0.0122880885976268,-4.80251667336624,0,2,0.0663290152857909,-0.223921667871133,0
"644",0,0,0.0663290152857909,-0.590941977460894,0,5,0.0663290152857909,0.666599481627563,1
"645",1,0,0.0276299476163665,-2.48629813207096,0,2,0.0663290152857909,1.00189437013494,0
"646",0,0,0.0663290152857909,-3.18139129457151,0,1,0.0663290152857909,-0.129619874365772,1
"647",0,1,0.0425748131591804,-5.03749302618513,0,4,0.0663290152857909,0.735351064896401,0
"648",1,0,0.0663290152857909,-3.31353833505575,0,4,0.0663290152857909,1.46296303834737,1
"649",0,0,0.0120105686410262,-3.31545657556181,0,1,0.0663290152857909,1.13831485671981,0
"650",0,0,0.0107830154410895,-3.09644859617632,0,2,0.0663290152857909,0.538900745423375,0
"651",1,1,0.00349518724192121,-2.53448999107451,0,4,0.0663290152857909,0.337465210060741,0
"652",0,0,0.00508803395961248,-4.42302327720032,0,2,0.0663290152857909,0.759992430763496,0
"653",1,0,0.0276862061374367,-1.7907798345215,0,5,0.0663290152857909,0.574294805844655,0
"654",1,1,0.0649496271428088,-1.1703566500887,0,2,0.0663290152857909,0.857673151114858,0
"655",1,0,0.00690503320147055,-4.3284893274808,0,5,0.0663290152857909,-0.0384507308641686,0
"656",0,1,0.0257370880209471,-2.33399278924604,0,5,0.0663290152857909,1.54513562492302,0
"657",1,1,0.00247465075818173,-3.32763025116658,0,1,0.0663290152857909,0.930917389450071,0
"658",1,0,0.0095331511911847,-3.67605107927743,0,2,0.0663290152857909,2.37084597960468,0
"659",0,1,0.0663290152857909,-1.54330652178731,0,2,0.0663290152857909,3.74741816969444,1
"660",0,1,0.0386649243144867,-3.32325261911022,0,1,0.0663290152857909,0.604410496420275,0
"661",0,1,0.0599847932826646,-0.953914472271025,0,6,0.0663290152857909,0.954818024390104,0
"662",0,1,0.0663290152857909,-2.65555069083494,0,4,0.0663290152857909,1.23139096480328,1
"663",1,1,0.00453434239596761,-2.5399520658287,0,2,0.0663290152857909,1.93248478863676,0
"664",1,1,0.00161463739105428,-3.50860711347384,0,6,0.0663290152857909,0.189602525648065,0
"665",1,0,0.0663290152857909,-2.59819653582796,0,4,0.0663290152857909,0.679939942832924,1
"666",0,0,0.00476536495311936,-3.51137294396639,0,6,0.0663290152857909,1.69943918062921,0
"667",1,0,0.0321633676703202,-2.63528601519387,0,0,0.0663290152857909,0.821594095708134,0
"668",0,1,0.0140605452776815,-4.15749656668462,0,3,0.0663290152857909,-0.00967427733957438,0
"669",1,0,0.0663290152857909,-3.13569831122396,0,5,0.0663290152857909,1.68207219400589,1
"670",1,1,0.0166474875912338,-3.00606132935863,0,2,0.0663290152857909,1.69048231597383,0
"671",0,1,0.0557393143455723,-2.68350511808581,0,7,0.0663290152857909,2.46004770357425,0
"672",0,1,0.0663290152857909,-3.96085141703652,0,1,0.0663290152857909,0.848649684775132,1
"673",0,0,0.0387933881992006,-2.52132042835493,0,1,0.0663290152857909,-0.069139584296994,0
"674",0,0,0.033965302850947,-4.34925657324934,0,5,0.0663290152857909,1.77906200795167,0
"675",0,1,0.00595560303101863,-3.0411888156551,0,4,0.0663290152857909,1.47250990833617,0
"676",0,0,0.0238096203843407,-3.95322571607168,0,3,0.0663290152857909,0.217365547880202,0
"677",0,0,0.0163169704945211,-1.87983347783563,0,5,0.0663290152857909,1.1365567253776,0
"678",1,1,0.0662191932519415,-3.80183406838114,0,2,0.0663290152857909,1.39976233021893,0
"679",0,0,0.0233544036583685,-2.3771498923681,0,3,0.0663290152857909,0.577922534418783,0
"680",0,1,0.0265306371878571,-2.11179420619856,1,4,0.0663290152857909,2.86579759626333,0
"681",1,0,0.0663290152857909,-2.22697034912617,0,4,0.0663290152857909,1.55174194842655,1
"682",0,1,0.0663290152857909,-3.8828668625842,0,1,0.0663290152857909,0.66391323901585,1
"683",0,1,0.0208777205526195,-3.10499264114727,0,5,0.0663290152857909,1.30217947083412,0
"684",1,0,0.0377790001694725,-2.65558391160027,0,3,0.0663290152857909,0.0980715520925091,0
"685",1,1,0.0348933400594432,-2.26608901170374,0,3,0.0663290152857909,1.76505998317122,0
"686",1,1,0.0259151659412737,-2.63481174853462,0,2,0.0663290152857909,1.78731277905606,0
"687",1,0,0.0663290152857909,-3.63448924356673,0,1,0.0663290152857909,2.44185314778252,1
"688",1,1,0.00910781342493908,-2.68135955455365,0,3,0.0663290152857909,1.01909652433708,0
"689",0,1,0.0396830527974598,-1.60059609681528,0,1,0.0663290152857909,2.0454187704262,0
"690",1,0,0.0612523064769587,-2.36656620635201,0,5,0.0663290152857909,0.626346613889688,0
"691",1,1,0.0121562115799133,-3.87560899953598,0,3,0.0663290152857909,0.356951140420351,0
"692",1,0,0.0663290152857909,-2.71599754575148,0,4,0.0663290152857909,0.211205494704097,1
"693",0,1,0.0663290152857909,-4.65920373157216,0,3,0.0663290152857909,1.02749388935759,1
"694",0,0,0.00586443943044057,-3.23662197649783,0,0,0.0663290152857909,0.693664152890672,0
"695",0,1,0.00239716287726676,-3.45500861478054,0,2,0.0663290152857909,2.04181901655022,0
"696",1,0,0.0525029162200752,-3.13954016654673,0,4,0.0663290152857909,0.583194373167249,0
"697",1,0,0.00621450754188763,-0.133077622184542,0,4,0.0663290152857909,1.01871547703296,0
"698",0,0,0.0209387092194619,-2.4199645047748,0,3,0.0663290152857909,0.976873584494639,0
"699",0,1,0.0289018582789322,-3.581143400882,0,2,0.0663290152857909,0.610296555880105,0
"700",1,0,0.0592252877279736,-2.18445358137324,0,3,0.0663290152857909,-0.868993843254874,0
"701",0,1,0.0663290152857909,-3.20878025437908,0,6,0.0663290152857909,2.65632260805934,1
"702",1,1,0.0621906261165598,-2.1287202708861,0,1,0.0663290152857909,0.479297580679574,0
"703",1,0,0.012409501065313,-5.18723966387227,0,4,0.0663290152857909,1.6079246430293,0
"704",0,1,0.0663290152857909,-3.96670735223569,0,6,0.0663290152857909,1.43400847862004,1
"705",0,0,0.0503890595903568,-3.58871342420583,0,3,0.0663290152857909,0.295258596303917,0
"706",0,1,0.0388803807147848,-2.07292629047354,0,4,0.0663290152857909,1.13515239980557,0
"707",0,0,0.0132493708809762,-3.71565778246698,0,2,0.0663290152857909,-0.816985461975523,0
"708",1,0,0.0410882544727888,-4.2667559515177,0,1,0.0663290152857909,1.16752063063861,0
"709",1,1,0.0663290152857909,-3.94660669222984,0,3,0.0663290152857909,1.27098638872098,1
"710",0,0,0.0663290152857909,-2.39905372847533,0,1,0.0663290152857909,1.56632596507252,1
"711",0,0,0.00994163982281688,-3.65165827002594,0,2,0.0663290152857909,0.508717667439498,0
"712",1,1,0.0298929488528298,-3.97659997637445,0,2,0.0663290152857909,1.49441479943531,0
"713",1,1,0.0653205086302759,-2.90728124426899,0,5,0.0663290152857909,-0.870171587307685,0
"714",1,1,0.0564468660875586,-3.39818654549159,0,2,0.0663290152857909,2.2639250460338,0
"715",0,0,0.0348629905115449,-2.86937207778419,0,2,0.0663290152857909,0.339170409613554,0
"716",0,0,0.00565827441791912,-2.79884073725208,0,3,0.0663290152857909,0.792711317333027,0
"717",1,1,0.0130563737454632,-2.92837457524885,0,2,0.0663290152857909,1.58166700434951,0
"718",0,0,0.00485831850211201,-3.63224013786278,0,4,0.0663290152857909,0.679069923027119,0
"719",0,1,0.00314242384649112,-2.19151610588603,0,4,0.0663290152857909,-0.0927636883132728,0
"720",0,1,0.0154889735951325,-2.18418285607118,0,2,0.0663290152857909,-0.322755750710779,0
"721",0,1,0.0663290152857909,-3.69115119439047,0,0,0.0663290152857909,3.07673105477563,1
"722",0,0,0.0663290152857909,-2.18387022525737,0,4,0.0663290152857909,1.1974031125581,1
"723",1,0,0.0596745727963207,-2.06528615267872,0,8,0.0663290152857909,1.33365825441224,0
"724",0,0,0.00360412879725628,-1.82419247132436,0,2,0.0663290152857909,1.50047384506167,0
"725",1,1,0.0663290152857909,-2.79619706417469,0,3,0.0663290152857909,2.47206574365208,1
"726",0,0,0.0663290152857909,-2.46413229150207,1,1,0.0663290152857909,-1.00571868174461,1
"727",1,1,0.0663290152857909,-1.15804405611375,0,2,0.0663290152857909,0.717269771675541,1
"728",1,1,0.0663290152857909,-2.91768761887779,0,7,0.0663290152857909,1.74950749757085,1
"729",1,1,0.000712587390236553,-4.31941994687053,0,8,0.0663290152857909,2.03476157128771,0
"730",1,1,0.061695869042608,-3.84717945131086,0,1,0.0663290152857909,2.11648768369856,0
"731",0,1,0.0300875909814009,-5.2419464255855,1,4,0.0663290152857909,-0.521671961401958,0
"732",0,0,0.0663290152857909,-3.88729052759481,0,2,0.0663290152857909,0.79399820622759,1
"733",0,1,0.0072401511941893,-3.88193812763199,0,3,0.0663290152857909,0.606880231169291,0
"734",1,1,0.0567629242426118,-4.30351934362352,0,4,0.0663290152857909,1.68867104408347,0
"735",0,1,0.0329081863326948,-1.41204157889752,0,1,0.0663290152857909,0.0275856578781323,0
"736",0,0,0.0457395165837412,-3.30257360586425,0,4,0.0663290152857909,0.348323698088043,0
"737",0,0,0.00907684452542154,-5.19718097250544,0,2,0.0663290152857909,2.23250852834044,0
"738",1,1,0.0133430883819477,-2.46716021526357,0,2,0.0663290152857909,1.88722189963869,0
"739",1,1,0.0177492922905132,-3.70402522798681,1,3,0.0663290152857909,1.18556262485761,0
"740",1,1,0.0258943996059869,-2.24886845246013,0,2,0.0663290152857909,1.51691933281679,0
"741",0,1,0.0262249984528274,-4.76876194155844,0,1,0.0663290152857909,1.26179527029324,0
"742",1,0,0.0482093206837461,-4.55798888732798,0,6,0.0663290152857909,1.28642776455007,0
"743",1,1,0.048556052632671,-3.14359046926151,0,2,0.0663290152857909,0.451500208714668,0
"744",1,1,0.0586847977126082,-3.71116914090401,0,2,0.0663290152857909,1.66880910461891,0
"745",1,0,0.0215364457665692,-2.79940224303635,0,5,0.0663290152857909,-0.265235678757874,0
"746",1,1,0.000961629004473558,-2.70310552169694,0,5,0.0663290152857909,0.391461511347953,0
"747",1,1,0.0162341101846325,-0.704935589295936,0,1,0.0663290152857909,2.23767461590737,0
"748",0,1,0.0641465482774188,-2.39228739880077,0,2,0.0663290152857909,-0.639198922643165,0
"749",0,1,0.0663290152857909,-2.95606302543546,0,5,0.0663290152857909,0.879890196381171,1
"750",1,0,0.0113755614077138,-2.07834382204288,0,1,0.0663290152857909,0.431284246137339,0
"751",0,1,0.0658677145162435,-2.19587954903897,0,0,0.0663290152857909,-0.483149265136963,0
"752",1,1,0.0240222287624493,-3.80538569782218,1,2,0.0663290152857909,2.47155699200368,0
"753",1,1,0.0367177177396224,-2.40918633609959,0,1,0.0663290152857909,1.15638142092975,0
"754",0,1,0.0663290152857909,-2.38493416815424,0,4,0.0663290152857909,1.11591376005449,1
"755",1,1,0.0185959215199298,-2.85428977852481,0,3,0.0663290152857909,1.47860859557784,0
"756",0,0,0.0663290152857909,-4.30097698657738,0,2,0.0663290152857909,2.49375813957698,1
"757",0,0,0.0663290152857909,-4.12980039651814,0,2,0.0663290152857909,2.17203080511351,1
"758",0,1,0.0423547559944786,-3.14803192075353,1,3,0.0663290152857909,2.59812212842852,0
"759",0,1,0.0405249904166086,-2.47831329915774,0,2,0.0663290152857909,-1.2018453118419,0
"760",1,0,0.0663290152857909,-1.97891739701941,0,2,0.0663290152857909,-1.00684700425469,1
"761",0,0,0.0204486118525755,-3.72831437083828,0,3,0.0663290152857909,0.901250174449121,0
"762",1,0,0.0248048852822851,-4.05335490247044,0,3,0.0663290152857909,1.41566616889455,0
"763",0,1,0.0663290152857909,-3.29590773278966,0,1,0.0663290152857909,1.06009407581195,1
"764",0,1,0.000583574245643008,-2.21192612797081,0,4,0.0663290152857909,-0.0115315613591107,0
"765",0,0,0.00117985216666384,-1.74173981311617,0,1,0.0663290152857909,0.0183826181017728,0
"766",0,0,0.0184276538362868,-3.70055680518828,0,4,0.0663290152857909,2.00503283602216,0
"767",0,0,0.00662435245582113,-3.58519673745044,0,3,0.0663290152857909,2.31633236476758,0
"768",1,1,0.0663290152857909,-1.59107298390214,0,2,0.0663290152857909,0.27976280444286,1
"769",0,0,0.0369481322773218,-2.13390574431528,0,5,0.0663290152857909,0.73013280187575,0
"770",0,1,0.0157064270237992,-2.67482535621066,0,2,0.0663290152857909,2.77004619513915,0
"771",1,0,0.00350767486016055,-3.81442708225506,0,2,0.0663290152857909,1.63009018588932,0
"772",0,1,0.0135660421714099,-3.78768368633833,0,4,0.0663290152857909,0.0381867850078603,0
"773",0,0,0.0147635175425965,-3.54203613844946,0,5,0.0663290152857909,0.666247974433749,0
"774",1,1,0.0663290152857909,-1.52402817999169,0,2,0.0663290152857909,1.396825379156,1
"775",0,1,0.000835786598713936,-2.88532989120651,0,2,0.0663290152857909,-0.0727095329076692,0
"776",1,1,0.0663290152857909,-3.55295083037119,0,5,0.0663290152857909,1.81784611597562,1
"777",1,0,0.0249442256530441,-2.19153943904278,0,4,0.0663290152857909,0.634756302662887,0
"778",0,1,0.0663290152857909,-2.52983795166844,0,3,0.0663290152857909,0.982160923484899,1
"779",0,0,0.0399185821908169,-2.00514953397661,0,3,0.0663290152857909,1.55368682693327,0
"780",0,1,0.0599576562210779,-3.40098241093971,0,3,0.0663290152857909,-0.452752711472306,0
"781",0,1,0.0663290152857909,-4.10673368175049,0,2,0.0663290152857909,2.41147788180901,1
"782",0,0,0.0459277440567587,-2.83809897601733,0,9,0.0663290152857909,2.3574404623708,0
"783",1,1,0.041484908711488,-2.46065833734191,0,3,0.0663290152857909,0.367196942140909,0
"784",0,0,0.0663290152857909,-4.54029232535658,0,4,0.0663290152857909,-0.851297764958291,1
"785",1,1,0.0195297043797718,-2.16116465505854,0,2,0.0663290152857909,0.433544585789463,0
"786",0,1,0.0243436195162949,-4.4363733987658,0,4,0.0663290152857909,-0.338224318893925,0
"787",0,1,0.0232130357846809,-5.40787839114775,0,5,0.0663290152857909,0.964036368694661,0
"788",0,1,0.049787263880671,-3.44949433423543,0,2,0.0663290152857909,1.40797305157906,0
"789",0,0,0.0602945777307248,-2.80756269182019,0,3,0.0663290152857909,2.32235045200165,0
"790",1,0,0.0458053485618778,-2.41245114835433,0,2,0.0663290152857909,2.6459124485512,0
"791",1,1,0.0407497077392407,-2.29229055430449,1,5,0.0663290152857909,-0.933426632462491,0
"792",0,0,0.00324318655038952,-4.96588425617312,0,4,0.0663290152857909,1.6863879942648,0
"793",0,0,0.0663290152857909,-3.24947340824501,0,3,0.0663290152857909,2.70500569965045,1
"794",0,1,0.0285488626986459,-3.29488694650445,0,3,0.0663290152857909,1.35227045601418,0
"795",0,1,0.0610343109476795,-2.25946232544236,0,2,0.0663290152857909,1.39358960041016,0
"796",0,0,0.0252722501380279,-5.2100321782146,0,2,0.0663290152857909,1.44176287457764,0
"797",0,0,0.0128573045847646,-3.4656012075323,0,4,0.0663290152857909,-0.0856029095558579,0
"798",0,0,0.020837134459779,-3.32191917771409,0,0,0.0663290152857909,0.101940644363292,0
"799",0,0,0.00609787378720266,-4.18689472523389,0,5,0.0663290152857909,1.86751244313607,0
"800",1,1,0.0497982845472687,-1.66143786532499,0,4,0.0663290152857909,0.018153584393057,0
"801",0,1,0.0663290152857909,-1.62889223093495,0,1,0.0663290152857909,1.93475642785118,1
"802",0,1,0.0558676411365118,-4.25013662878876,0,7,0.0663290152857909,0.294726438027833,0
"803",0,1,0.056461330999748,-2.29149524437613,0,0,0.0663290152857909,0.506128093795766,0
"804",0,1,0.0337059385942189,-3.77239728879245,0,4,0.0663290152857909,0.482534376315343,0
"805",1,0,0.0304940599699994,-4.10851061661352,0,6,0.0663290152857909,0.553036952519923,0
"806",0,1,0.0299916677733425,-4.6882282043971,0,0,0.0663290152857909,-0.118613246882337,0
"807",0,1,0.0659303967828784,-3.84911627906276,1,2,0.0663290152857909,0.539791783344797,0
"808",1,1,0.0332631032249092,-2.05162308877734,0,6,0.0663290152857909,-0.213266973462039,0
"809",0,1,0.0663290152857909,-3.55665497323871,0,4,0.0663290152857909,1.12693299262529,1
"810",1,1,0.0663290152857909,-2.9848100855251,0,2,0.0663290152857909,2.02636758331499,1
"811",1,0,0.0316951866144818,-3.8673882432249,0,6,0.0663290152857909,0.431104160832754,0
"812",1,0,0.0663290152857909,-3.34421878728374,0,5,0.0663290152857909,2.92809150321167,1
"813",0,0,0.00446340071662879,-3.21582154759791,0,3,0.0663290152857909,1.01231086530118,0
"814",1,0,0.0463092986591535,-2.58803510839553,0,4,0.0663290152857909,0.961366029781901,0
"815",0,1,0.0270743904684456,-2.71340443172494,0,2,0.0663290152857909,2.73768810192175,0
"816",0,0,0.0249032680447092,-4.49957257891434,0,1,0.0663290152857909,1.33213472262025,0
"817",1,1,0.0499582672874553,-2.19644115717256,0,3,0.0663290152857909,2.27509254137932,0
"818",0,0,0.00303214881843969,-2.13385080512364,0,2,0.0663290152857909,2.1214012994933,0
"819",1,0,0.0151470993013199,-4.4827965713316,1,2,0.0663290152857909,1.09225690787353,0
"820",0,0,0.0250484032438977,-2.26090954539479,0,1,0.0663290152857909,1.6143871978758,0
"821",1,1,0.0663290152857909,-3.03670803007265,0,3,0.0663290152857909,0.209789098609447,1
"822",0,0,0.0233670920820507,-3.46948280018736,0,3,0.0663290152857909,-0.308325308473841,0
"823",0,0,0.0119115120621189,-3.10852315255243,0,3,0.0663290152857909,0.723883093909053,0
"824",1,0,0.0464443464584665,-2.9981187060045,0,2,0.0663290152857909,1.90448996073948,0
"825",1,1,0.0126477885378402,-2.43470317631204,0,0,0.0663290152857909,0.364589718269585,0
"826",1,1,0.00558763891921871,-1.99908231779763,0,6,0.0663290152857909,1.47605996953596,0
"827",0,1,0.0304218744214199,-3.06647862020113,0,4,0.0663290152857909,1.60631527704507,0
"828",0,1,0.0136911845044618,-4.08542388501033,0,5,0.0663290152857909,0.82302417970837,0
"829",0,1,0.0425532148367266,-0.842685998829236,0,4,0.0663290152857909,0.931538127046706,0
"830",1,0,0.0146929341006422,-2.17485507094384,0,3,0.0663290152857909,0.99416266195319,0
"831",0,1,0.0663290152857909,-3.34638044237459,0,1,0.0663290152857909,3.01052843544963,1
"832",0,1,0.0434229916495954,-4.14948297302313,0,2,0.0663290152857909,2.49902968359078,0
"833",1,0,0.0663290152857909,-2.99027079419139,0,1,0.0663290152857909,1.12029157035431,1
"834",1,1,0.0330560031790594,-4.24534795443249,0,5,0.0663290152857909,1.30807479040406,0
"835",0,1,0.0477410901362243,-3.19385299744955,0,6,0.0663290152857909,1.31228520407333,0
"836",0,1,0.00946030597689225,-3.08267496962102,0,2,0.0663290152857909,-0.434761909300124,0
"837",0,0,0.00528457959457422,-3.120484126044,0,2,0.0663290152857909,0.408660850120012,0
"838",0,0,0.0195211023930199,-5.3584545142891,0,6,0.0663290152857909,1.68447441475579,0
"839",0,1,0.0142012291350888,-2.5110711884126,0,1,0.0663290152857909,0.73559954121546,0
"840",0,1,0.0663290152857909,-2.0582720901656,0,1,0.0663290152857909,1.19058925754703,1
"841",1,0,0.0106111698064448,-2.4150922529658,0,2,0.0663290152857909,0.278466411316926,0
"842",1,0,0.0663290152857909,-2.50635815354226,0,6,0.0663290152857909,0.890179538307677,1
"843",1,0,0.0146429850532481,-2.45275020413643,0,3,0.0663290152857909,1.51284236003737,0
"844",0,0,0.0159926181502246,-2.27082959820124,0,5,0.0663290152857909,0.477520256726997,0
"845",0,0,0.0425380846181356,-3.50926091946064,0,4,0.0663290152857909,0.714793804361281,0
"846",1,1,0.0233821723339249,-5.3344312291993,0,3,0.0663290152857909,0.354427680191145,0
"847",1,0,0.0663290152857909,-2.02669319291575,0,3,0.0663290152857909,2.39884121482842,1
"848",0,1,0.00919184822149186,-4.1102443163824,0,5,0.0663290152857909,1.41390862965674,0
"849",0,1,0.00880453113021326,-3.85424800247702,0,1,0.0663290152857909,0.0435081830794661,0
"850",0,0,0.0161879661361107,-2.38270981979321,0,0,0.0663290152857909,0.201214419109808,0
"851",1,1,0.00926244385237652,-3.06588166946372,0,7,0.0663290152857909,1.15824027844644,0
"852",0,0,0.0172577705133408,-3.47758343322737,0,3,0.0663290152857909,1.63031408637451,0
"853",0,0,0.0208823870724063,-2.66959203132402,1,0,0.0663290152857909,-0.127419822811375,0
"854",0,1,0.0292345675373604,-2.20065439218488,0,3,0.0663290152857909,0.33612398277402,0
"855",0,1,0.0208553519263482,-4.08397736038077,0,0,0.0663290152857909,0.709595121062775,0
"856",1,0,0.0150583378090771,-4.94706450394526,0,3,0.0663290152857909,0.00787392055260605,0
"857",1,0,0.00146244202869631,-4.73924365559019,0,2,0.0663290152857909,-0.652884683192734,0
"858",0,0,0.0663290152857909,-3.36636317340821,0,3,0.0663290152857909,0.0440512979330879,1
"859",0,1,0.0663290152857909,-1.53094546053449,0,1,0.0663290152857909,2.9902507388611,1
"860",0,0,0.0465701244213785,-4.40479802990678,0,3,0.0663290152857909,0.366388312723406,0
"861",1,0,0.0479066282336148,-1.11303280839936,0,3,0.0663290152857909,3.00465190692862,0
"862",0,0,0.0148790801071573,-2.55468002327764,0,5,0.0663290152857909,-0.804003088503388,0
"863",0,0,0.046215119659644,-4.29735316697699,0,4,0.0663290152857909,-0.252143173107444,0
"864",1,0,0.0512168650224421,-3.1779819752877,0,0,0.0663290152857909,1.14907034579319,0
"865",1,1,0.0663290152857909,-2.7814907684265,0,0,0.0663290152857909,0.809058285081351,1
"866",0,0,0.0663290152857909,-3.62715574229088,0,5,0.0663290152857909,2.37494437325689,1
"867",0,1,0.00459403925806398,-2.37366211657151,0,1,0.0663290152857909,1.27034514091471,0
"868",1,1,0.0663290152857909,-1.19241149057788,0,4,0.0663290152857909,1.21908454858629,1
"869",0,1,0.0185304854304897,-2.79083943632189,0,4,0.0663290152857909,1.27692808000312,0
"870",0,0,0.0663290152857909,-3.00977182822985,0,7,0.0663290152857909,0.56932665310431,1
"871",1,1,0.0663290152857909,-3.22107704007204,0,2,0.0663290152857909,1.49999328286241,1
"872",1,0,0.0256663119378964,-2.62483668658599,0,2,0.0663290152857909,2.87093911769456,0
"873",0,1,0.0223321058575253,-3.9164168291694,0,5,0.0663290152857909,0.14687834125545,0
"874",0,0,0.0373322053418039,-3.11426651473039,0,3,0.0663290152857909,0.164148915632965,0
"875",1,1,0.011789813008007,-3.91785796145625,0,5,0.0663290152857909,0.821693688321863,0
"876",1,0,0.0585625378054856,-4.75127205326245,1,2,0.0663290152857909,1.4723090946103,0
"877",1,0,0.015731515707182,-1.70935785385675,0,1,0.0663290152857909,0.042023574628315,0
"878",0,0,0.00408225514117368,-5.32972102112313,0,2,0.0663290152857909,-0.10681114520131,0
"879",0,0,0.00865736357616391,-2.4160803221072,0,0,0.0663290152857909,-0.096912964244094,0
"880",1,1,0.0387345433490931,-3.010113304391,0,6,0.0663290152857909,1.28250720637493,0
"881",0,1,0.00677987909185713,-2.69675134984037,0,5,0.0663290152857909,-0.324290821311465,0
"882",1,0,0.0513204177928659,-4.16964089779131,0,2,0.0663290152857909,2.92265077152972,0
"883",0,0,0.0201877936710851,-1.0481754895506,0,3,0.0663290152857909,1.41811328899426,0
"884",1,0,0.0208743132956548,-1.40213941466221,0,5,0.0663290152857909,2.1065372809616,0
"885",1,1,0.00521335739920413,-2.66977069931656,0,8,0.0663290152857909,2.21976232354259,0
"886",0,0,0.0628133313157036,-2.58303298857334,0,1,0.0663290152857909,1.04652136333687,0
"887",0,1,0.0609800723099239,-4.38296088295781,0,5,0.0663290152857909,1.28367042102923,0
"888",1,1,0.00145706127254274,0.0083552165805818,0,1,0.0663290152857909,0.813838926057502,0
"889",1,1,0.0428278532271048,-3.33612052850997,0,7,0.0663290152857909,-0.263057669814815,0
"890",1,0,0.0373892403148503,-1.51574326076309,0,3,0.0663290152857909,0.76504035727792,0
"891",1,0,0.0605565881453772,-2.67589470909252,1,3,0.0663290152857909,1.53527351075146,0
"892",1,1,0.0663290152857909,-0.749819056879691,0,3,0.0663290152857909,1.727706317696,1
"893",0,0,0.0114376545276467,-5.40727805795032,0,1,0.0663290152857909,0.551937576150919,0
"894",0,0,0.0634457558616741,-3.29001528789685,0,2,0.0663290152857909,1.27491098959684,0
"895",0,0,0.0264685087617236,-2.98999402822636,0,7,0.0663290152857909,-1.46958992589488,0
"896",0,1,0.0253121546581012,-3.26388328214352,1,2,0.0663290152857909,1.7594314066494,0
"897",0,0,0.022872350288425,-3.49971589259956,0,4,0.0663290152857909,0.278966057054073,0
"898",0,0,0.0148753830502269,-5.56772971415538,0,4,0.0663290152857909,0.683894593951892,0
"899",1,1,0.0604960637768062,-3.51307865438987,0,2,0.0663290152857909,2.14232257047029,0
"900",0,1,0.0663290152857909,-3.5672376005563,0,3,0.0663290152857909,1.50555645993074,1
"901",0,1,0.017395487188175,-3.7410642322515,1,4,0.0663290152857909,-0.282635843872822,0
"902",0,0,0.0486066382192403,-4.47484952561031,0,2,0.0663290152857909,1.56358220659111,0
"903",0,0,0.0436814969828695,-3.94269674077074,0,4,0.0663290152857909,-0.0296164234916207,0
"904",1,1,0.0621660212530789,-2.13612941830223,0,3,0.0663290152857909,2.0369454867193,0
"905",1,0,0.0044277045187483,-1.69686176831886,0,4,0.0663290152857909,0.884038706506252,0
"906",1,0,0.0175250520949121,-4.85164820402707,0,3,0.0663290152857909,0.175227820464367,0
"907",0,0,0.0134480453284093,-3.42608272863404,0,3,0.0663290152857909,-0.775926390865827,0
"908",1,0,0.00265898172370736,-2.54609496157346,0,3,0.0663290152857909,-0.405879911499468,0
"909",0,1,0.010573637128442,-2.45561244772943,0,2,0.0663290152857909,2.9419123957191,0
"910",0,1,0.0663290152857909,-4.06775334075214,0,3,0.0663290152857909,1.30059991544092,1
"911",1,0,0.0225381536669522,-4.12589440618886,0,4,0.0663290152857909,0.903149821084467,0
"912",0,0,0.0663290152857909,-1.76059977982571,0,2,0.0663290152857909,2.98683608460214,1
"913",0,0,0.0572057650974974,-3.50416662958343,0,0,0.0663290152857909,1.45427571281508,0
"914",0,1,0.0195922592570975,-3.58366457333682,0,2,0.0663290152857909,1.79066004416012,0
"915",1,0,0.0324714180444409,-1.76078378084534,1,6,0.0663290152857909,1.27433895992421,0
"916",0,0,0.0297571248378028,-3.92893669270189,0,6,0.0663290152857909,-0.668018374109611,0
"917",0,0,0.0015340678716614,-2.62200625823822,0,4,0.0663290152857909,0.0807115046434095,0
"918",0,0,0.0325313574199165,-2.65508927275065,0,3,0.0663290152857909,0.397233540795224,0
"919",0,1,0.0158574613867259,-3.74408419678422,0,4,0.0663290152857909,-0.328616257393511,0
"920",0,0,0.0155208318024757,-3.99201247772952,0,5,0.0663290152857909,1.83431354124094,0
"921",1,0,0.0382757374593371,-1.75734683918909,0,2,0.0663290152857909,1.05595210932022,0
"922",0,0,0.0663290152857909,-1.70795235548787,0,5,0.0663290152857909,0.963113311758123,1
"923",0,1,0.0663290152857909,-3.44400819855417,0,3,0.0663290152857909,1.50592566256223,1
"924",1,0,0.0322684835088449,-0.829849053173612,0,5,0.0663290152857909,1.49410187040278,0
"925",0,1,0.0121906996609759,-2.816414493521,1,3,0.0663290152857909,-0.236312675272914,0
"926",0,0,0.0565621615456568,-2.78391953919608,0,1,0.0663290152857909,1.28664448134261,0
"927",0,0,0.00705089047173831,-3.37222291001136,0,7,0.0663290152857909,0.546788178037269,0
"928",1,1,0.0393149585329683,-3.73815947645097,1,4,0.0663290152857909,1.27054787895809,0
"929",0,1,0.0166945177784176,-3.51511539849844,0,1,0.0663290152857909,0.807133954973423,0
"930",1,0,0.00421215144447111,-2.77055962908179,0,2,0.0663290152857909,1.87406582324349,0
"931",0,1,0.0162312410459212,-2.67355381624407,0,2,0.0663290152857909,2.3387884387227,0
"932",1,0,0.0385489022089525,-4.20739567223975,0,0,0.0663290152857909,-0.539307780863221,0
"933",0,1,0.00718214414293249,-2.10334660893498,0,4,0.0663290152857909,-0.492066195541457,0
"934",1,1,0.0663290152857909,-3.34264383359409,0,4,0.0663290152857909,3.36730871465504,1
"935",1,0,0.0152324722875084,-3.38475869421828,0,7,0.0663290152857909,1.50504532866172,0
"936",1,0,0.00874901690084037,-3.78885742456253,0,4,0.0663290152857909,0.063960691367618,0
"937",0,0,0.0222393932443202,-3.03574218717869,0,3,0.0663290152857909,0.423125860830321,0
"938",1,1,0.0361279798718183,-3.37381766668774,0,1,0.0663290152857909,1.81857500042581,0
"939",0,0,0.0663290152857909,-3.31670005013384,0,3,0.0663290152857909,1.41282381612318,1
"940",1,0,0.0387172688310032,-5.43908926189262,0,4,0.0663290152857909,-0.724680033451785,0
"941",1,0,0.0663290152857909,-3.12572906722452,0,0,0.0663290152857909,-0.55363757729736,1
"942",1,0,0.0025186863831618,-2.1045907901238,0,6,0.0663290152857909,0.226495857248113,0
"943",0,1,0.0454639496359976,-3.57021948699159,0,3,0.0663290152857909,1.57988859000865,0
"944",0,0,0.0577498557311528,-5.19097543634038,0,2,0.0663290152857909,3.68565205397068,0
"945",1,1,0.0621014512463362,-3.73163103313143,0,2,0.0663290152857909,0.808583634189209,0
"946",1,1,0.0230106123785376,-3.2731586222702,0,3,0.0663290152857909,1.77014754179344,0
"947",0,0,0.0569008025975372,-1.96816191604296,0,0,0.0663290152857909,1.20107165624176,0
"948",1,1,0.00466391657085801,-1.6121885972925,0,3,0.0663290152857909,0.42163518310175,0
"949",0,1,0.0642364629037107,-2.84861327599527,0,2,0.0663290152857909,3.03806157012038,0
"950",0,1,0.00896677922639065,-1.68234310307876,0,4,0.0663290152857909,0.0697425969552559,0
"951",1,0,4.96584106356941e-05,-0.13863728528254,0,3,0.0663290152857909,0.46176757738724,0
"952",1,0,0.0566050295023146,-3.26194096351596,0,1,0.0663290152857909,0.385531271944699,0
"953",1,1,0.0258212953753052,-3.21092072451452,0,2,0.0663290152857909,0.263654744751083,0
"954",1,0,0.0117946230380735,-1.29924919512284,0,2,0.0663290152857909,0.0275125820715698,0
"955",1,0,0.0137135280765199,-3.57334413769739,0,0,0.0663290152857909,-0.743495434093238,0
"956",1,1,0.0663290152857909,-3.38278884157364,0,8,0.0663290152857909,1.7004565622935,1
"957",1,1,0.0663290152857909,-3.0609397818914,0,5,0.0663290152857909,1.04645091516261,1
"958",0,0,0.0103758402313504,-3.51615074981601,1,3,0.0663290152857909,-0.390814451815761,0
"959",0,1,0.00682740256204424,-2.81510452306523,0,3,0.0663290152857909,2.80229485032546,0
"960",1,0,0.0184106122502569,-1.84154948165209,0,0,0.0663290152857909,-0.326236619861911,0
"961",0,0,0.0341608169627299,-2.61508650758179,0,5,0.0663290152857909,-0.728756959780773,0
"962",0,0,0.0663290152857909,-3.26730565804281,0,8,0.0663290152857909,0.738671473815854,1
"963",1,1,0.0663290152857909,-2.66148788253618,1,2,0.0663290152857909,0.920220434093508,1
"964",1,0,0.0662889788611024,-3.17325265363713,0,5,0.0663290152857909,1.12573095429184,0
"965",0,0,0.0287754010604043,-3.6424425705129,0,1,0.0663290152857909,2.20621068470677,0
"966",1,1,0.0146882878588117,-4.20191720995359,0,4,0.0663290152857909,1.34080987268801,0
"967",0,0,0.0235106470493669,-2.80477229262364,0,0,0.0663290152857909,1.48325708242361,0
"968",1,0,0.00514570599926419,-1.67942516397533,0,1,0.0663290152857909,3.551621262047,0
"969",0,0,0.0551864163534272,-1.82509568839983,0,3,0.0663290152857909,1.72610491036799,0
"970",1,0,0.0663290152857909,-3.34600795860105,0,5,0.0663290152857909,-0.0248889061405766,1
"971",1,1,0.0663290152857909,-3.26934452231459,0,2,0.0663290152857909,1.86731461262074,1
"972",0,1,0.0125723415678118,-2.71322678779854,0,1,0.0663290152857909,0.699567490009525,0
"973",0,0,0.0381842266373439,-2.49174219145706,0,6,0.0663290152857909,1.32994200451537,0
"974",1,0,0.0198656153480998,-4.32186059945981,0,4,0.0663290152857909,-0.332308201124649,0
"975",0,0,0.0111555015711477,-4.41444241048678,0,1,0.0663290152857909,-1.52739895708207,0
"976",1,0,0.0232184438353942,-2.94078809161253,0,1,0.0663290152857909,-0.297983865459239,0
"977",0,1,0.00739497821153205,-3.31479776317609,0,3,0.0663290152857909,2.29594315546726,0
"978",1,0,0.0663290152857909,-4.14183788155514,1,4,0.0663290152857909,1.77753958092939,1
"979",0,1,0.00889399348626687,-3.19153862275629,0,2,0.0663290152857909,2.03402832750589,0
"980",0,0,0.0481942356750946,-3.66062770108155,0,6,0.0663290152857909,0.278485144565313,0
"981",1,0,0.0510012160516244,-2.05593355770556,0,1,0.0663290152857909,1.98383759881725,0
"982",1,1,0.00126553355175703,-3.53305943653333,0,0,0.0663290152857909,1.6232423185401,0
"983",0,0,0.0058766849251352,-2.3117313596228,0,4,0.0663290152857909,-0.393825844221379,0
"984",0,0,0.0623423467392161,-3.57354791652571,0,0,0.0663290152857909,1.10591710528526,0
"985",1,1,0.0109204396118449,-1.14098729626151,0,2,0.0663290152857909,2.41143049949118,0
"986",1,1,0.0225670282248514,-5.40930213182522,0,0,0.0663290152857909,1.42766687497323,0
"987",0,0,0.0229077039505734,-2.53251655847063,0,1,0.0663290152857909,0.480952268595847,0
"988",0,1,0.0663290152857909,-2.80723755634564,0,2,0.0663290152857909,1.5149609269302,1
"989",0,1,0.0663290152857909,-4.16277668607738,0,0,0.0663290152857909,-0.0160937920448976,1
"990",1,1,0.00879703719312097,-3.83534054340294,0,4,0.0663290152857909,0.550486592287317,0
"991",0,0,0.0663290152857909,-2.63793319424008,0,2,0.0663290152857909,1.2424011854127,1
"992",0,1,0.0240705750000997,-2.66438243106038,0,3,0.0663290152857909,0.568728394332692,0
"993",0,0,0.0146526700749384,-3.32795577163852,0,2,0.0663290152857909,1.47304383743843,0
"994",1,0,0.0663290152857909,-3.53601149333795,0,4,0.0663290152857909,0.70599919627678,1
"995",0,0,0.00690910597552521,-3.02916941665462,0,4,0.0663290152857909,1.6477783189342,0
"996",1,0,0.0663290152857909,-5.55653787848955,0,4,0.0663290152857909,-0.185091561495148,1
"997",0,0,0.0364344908827227,-2.30875745294559,0,2,0.0663290152857909,2.03872815621255,0
"998",0,0,0.00122117542748197,-2.25276225819281,0,2,0.0663290152857909,-0.397943604554312,0
"999",0,0,0.0366219409008767,-3.81930933257591,0,3,0.0663290152857909,1.20085057428185,0
"1000",1,1,0.0225029032835909,-2.02700489094475,0,3,0.0663290152857909,0.398303952294051,0
